accuracy,kappa,latency_us,pool_memory_kb,active_memory_kb,final_pool_size,mean_active_size,drift_count,stream,method,seed,wall_time_s
0.8060073712784975,0.5949338458591111,261.1204781514166,1948.4482421875,1948.4482421875,2,2.331858407079646,55.0,Electricity,DSPP-Lite,0,44.052040576934814
0.8539206815122156,0.6987362984893264,252.18602736606437,1375.56640625,540.927734375,6,2.47787610619469,35.0,Electricity,DSPP-Adaptive,0,49.49620079994202
0.8067577409459071,0.5935549062993752,178.39197581272342,6121.0166015625,2009.7099609375,6,2.0,0.0,Electricity,StaticSPP-Lite,0,29.189796686172485
0.8568118117013529,0.7048508327694271,247.61417176385356,1375.67578125,540.435546875,6,2.0,0.0,Electricity,StaticSPP-Adaptive,0,50.22903752326965
0.8066253227693054,0.5969698265152749,181.39754572745537,6120.7373046875,2955.00390625,6,2.446902654867257,0.0,Electricity,StaticSPPFullSearch-Lite,0,29.590388298034668
0.8539206815122156,0.6987362984893264,254.13047241275228,1376.470703125,540.65234375,6,2.47787610619469,0.0,Electricity,StaticSPPFullSearch-Adaptive,0,50.12543272972107
0.8256273311116505,0.6379285787281086,184.0824083241492,866.517578125,866.517578125,10,10.0,,Electricity,OB,0,35.94086956977844
0.8956544768378539,0.7856371740802702,212.83066695375464,3730.796875,3730.796875,10,10.0,,Electricity,LB,0,126.57543325424194
0.8864072741718346,0.7667502665586241,177.14298534537892,10644.8681640625,10644.8681640625,10,10.0,,Electricity,ARF,0,59.886276960372925
0.8810664077155658,0.755110036393012,203.3276127302634,4363.5224609375,4363.5224609375,10,10.0,,Electricity,SRP,0,140.02566647529602
0.8043080046787756,0.5912234206530316,133.59989250107674,1189.1162109375,1189.1162109375,2,2.336283185840708,58.0,Electricity,DSPP-Lite,1,19.1102237701416
0.8578490874180662,0.7075451704656949,224.6319330195981,1497.1748046875,667.8681640625,4,2.398230088495575,33.0,Electricity,DSPP-Adaptive,1,43.15157651901245
0.8092074772130388,0.5999658478483254,170.66422161965443,6483.9599609375,2040.7392578125,6,2.0,0.0,Electricity,StaticSPP-Lite,1,27.74277400970459
0.8607181479111032,0.7134674818746772,233.4345650158584,2007.8427734375,668.4853515625,6,2.0,0.0,Electricity,StaticSPP-Adaptive,1,47.951218128204346
0.8091191984286377,0.6013788147630551,170.50160992622307,6484.4462890625,2221.0927734375,6,2.4424778761061945,0.0,Electricity,StaticSPPFullSearch-Lite,1,27.73504137992859
0.8593498267528856,0.7108229754995541,251.52087202044177,2008.24609375,668.6025390625,6,2.433628318584071,0.0,Electricity,StaticSPPFullSearch-Adaptive,1,50.28503847122192
0.8286288097812893,0.6441904505740162,185.25569540056293,866.4189453125,866.4189453125,10,10.0,,Electricity,OB,1,36.302525997161865
0.8950585950431462,0.7843554684096794,204.9824502560363,4982.3037109375,4982.3037109375,10,10.0,,Electricity,LB,1,123.78102803230286
0.8885701043896626,0.7710661196650848,175.154317223094,7310.0244140625,7310.0244140625,10,10.0,,Electricity,ARF,1,54.78843379020691
0.88294233188409,0.7588287422640057,219.17057183579388,3257.037109375,3257.037109375,10,10.0,,Electricity,SRP,1,154.2085566520691
0.8061312322055221,0.5951707757873509,105.71963671845609,366.484375,366.484375,2,2.2035398230088497,64.0,Electricity,DSPP-Lite,2,15.409143924713137
0.8564807662598486,0.7047826515774174,253.54598925074976,1437.5654296875,1176.7958984375,6,2.4734513274336285,35.0,Electricity,DSPP-Adaptive,2,49.63459515571594
0.803645913795767,0.5867637271824138,175.13510527144112,6516.29296875,2193.2119140625,6,2.0,0.0,Electricity,StaticSPP-Lite,2,28.868937253952023
0.8602767539890975,0.7128663943157518,233.31819749755527,1436.1826171875,508.865234375,6,2.0,0.0,Electricity,StaticSPP-Adaptive,2,47.29493379592896
0.8041535168060736,0.5900935361740405,166.93437051994923,6516.265625,2192.9541015625,6,2.411504424778761,0.0,Electricity,StaticSPPFullSearch-Lite,2,27.42905330657959
0.8564807662598486,0.7047826515774174,249.84073845715815,1436.9306640625,1176.4013671875,6,2.4734513274336285,0.0,Electricity,StaticSPPFullSearch-Adaptive,2,48.93206548690796
0.8297102248902033,0.6460563100332061,179.6447383248863,1322.923828125,1322.923828125,10,10.0,,Electricity,OB,2,35.41195249557495
0.8975083313102779,0.7895752492779029,206.89939490652415,5708.439453125,5708.439453125,10,10.0,,Electricity,LB,2,125.37370824813844
0.8823464500893823,0.7581968151914193,179.01625706138017,8725.619140625,8725.619140625,10,10.0,,Electricity,ARF,2,60.176291704177856
0.8892542649687714,0.7720614671604374,206.57362903898968,8337.6328125,8337.6328125,10,10.0,,Electricity,SRP,2,141.05839109420776
0.808214340888526,0.5944934373249574,116.98245268395335,1036.67578125,1036.67578125,2,2.221238938053097,60.0,Electricity,DSPP-Lite,3,16.846954822540283
0.8594822449294873,0.7101861657124752,236.3817935636337,873.3271484375,484.1611328125,5,2.508849557522124,35.0,Electricity,DSPP-Adaptive,3,45.3111846446991
0.8103992408024542,0.6015127805561004,168.59791677687954,6697.076171875,2343.3447265625,6,2.0,0.0,Electricity,StaticSPP-Lite,3,27.61078977584839
0.8647127629052548,0.7214275449216143,245.3310952736317,1316.8994140625,637.1181640625,6,2.0,0.0,Electricity,StaticSPP-Adaptive,3,50.61361908912659
0.8087219438988326,0.5999090855001301,256.1625097545322,6699.20703125,2344.0107421875,6,2.384955752212389,0.0,Electricity,StaticSPPFullSearch-Lite,3,42.40455031394959
0.859769150978791,0.7110617677813863,336.666742672924,1316.6220703125,636.9833984375,6,2.4513274336283186,0.0,Electricity,StaticSPPFullSearch-Adaptive,3,66.90495085716248
0.831166824832822,0.6494866723115801,226.49638680739127,1232.958984375,1232.958984375,10,10.0,,Electricity,OB,3,44.2569420337677
0.8981483524971862,0.7908535122923546,283.1851496292685,7904.7587890625,7904.7587890625,10,10.0,,Electricity,LB,3,158.04404973983765
0.8861645075147315,0.7662053973792052,224.64069615045935,7344.9775390625,7344.9775390625,10,10.0,,Electricity,ARF,3,72.0012309551239
0.8892542649687714,0.7720552159272642,260.9761975858652,4827.791015625,4827.791015625,10,10.0,,Electricity,SRP,3,159.25108170509338
0.8037783319723687,0.5889156245367604,165.27915046747304,2342.9287109375,2342.9287109375,2,2.3761061946902653,53.0,Electricity,DSPP-Lite,4,24.705464601516724
0.8568118117013529,0.7051747278623638,275.5247774094961,781.203125,781.203125,4,2.3893805309734515,34.0,Electricity,DSPP-Adaptive,4,52.02581262588501
0.8029838229127585,0.5850852711964866,200.55447605527772,6635.36328125,2040.578125,6,2.0,0.0,Electricity,StaticSPP-Lite,4,32.03483843803406
0.857827017721966,0.7071766734269408,302.7581259711528,1070.673828125,516.90234375,6,2.0,0.0,Electricity,StaticSPP-Adaptive,4,61.83161354064941
0.8089647105559357,0.600909053702322,201.5214860083342,6636.189453125,3226.8349609375,6,2.415929203539823,0.0,Electricity,StaticSPPFullSearch-Lite,4,32.81212043762207
0.85659111474035,0.7045825310498204,309.54501211580134,1070.462890625,780.873046875,6,2.358407079646017,0.0,Electricity,StaticSPPFullSearch-Adaptive,4,61.69867205619812
0.8312330339211229,0.6496701608305185,228.08722841590316,1172.0546875,1172.0546875,10,10.0,,Electricity,OB,4,44.46121525764465
0.893955110238132,0.7820700119617512,269.7628526658583,5218.54296875,5218.54296875,10,10.0,,Electricity,LB,4,152.43034148216248
0.8853699984551213,0.7647281592765179,224.58026535967235,10297.9169921875,10297.9169921875,10,10.0,,Electricity,ARF,4,72.27336931228638
0.8878418044183531,0.7692935130336478,263.42133000026723,3218.78515625,3218.78515625,10,10.0,,Electricity,SRP,4,174.03081488609314
0.8000044139392201,0.5796275324849479,132.24305888201275,1097.4072265625,1097.4072265625,2,2.190265486725664,51.0,Electricity,DSPP-Lite,5,19.698169708251957
0.8621747478537221,0.7165378338535753,308.31589695881854,1357.9189453125,547.3369140625,6,2.371681415929204,30.0,Electricity,DSPP-Adaptive,5,61.18049931526184
0.8007547836066298,0.5810815503315822,200.2803984607847,6089.9755859375,2161.6484375,6,2.0,0.0,Electricity,StaticSPP-Lite,5,32.7661406993866
0.8656838295336673,0.7239761354241111,291.28809335173565,1357.2001953125,546.8251953125,6,2.0,0.0,Electricity,StaticSPP-Adaptive,5,59.96764016151428
0.8021231047648474,0.585687903683056,194.14860694785455,6090.2138671875,2161.994140625,6,2.393805309734513,0.0,Electricity,StaticSPPFullSearch-Lite,5,31.73295545578003
0.8621747478537221,0.7165378338535753,303.5581025773516,1357.5673828125,547.3916015625,6,2.371681415929204,0.0,Electricity,StaticSPPFullSearch-Adaptive,5,60.32484984397888
0.8330868883935468,0.6539921537872679,224.5656672171609,867.2998046875,867.2998046875,10,10.0,,Electricity,OB,5,44.04080510139465
0.896669682858467,0.7878853418769202,283.16633481279155,4978.2001953125,4978.2001953125,10,10.0,,Electricity,LB,5,156.7010941505432
0.8857893226810267,0.7654396593111757,222.85875231804903,7630.3701171875,7630.3701171875,10,10.0,,Electricity,ARF,5,69.18100357055664
0.884884465140915,0.7631454265533708,265.3332444820567,3948.111328125,3948.111328125,10,10.0,,Electricity,SRP,5,175.1405291557312
0.8033810774425636,0.5865831359616656,148.3994812416212,1462.1943359375,1462.1943359375,2,2.2389380530973453,59.0,Electricity,DSPP-Lite,6,21.253663539886475
0.8580697843790691,0.7080112287405322,300.1900408292787,1535.830078125,1011.9287109375,6,2.5398230088495577,27.0,Electricity,DSPP-Adaptive,6,59.27419900894165
0.8046169804241795,0.5882300461473898,198.0723886601052,6667.5185546875,2161.6787109375,6,2.0,0.0,Electricity,StaticSPP-Lite,6,32.19541025161743
0.8606960782150029,0.7134318986894307,286.5015724990531,1536.455078125,1012.5263671875,6,2.0,0.0,Electricity,StaticSPP-Adaptive,6,58.96442794799805
0.8058308137096952,0.5928831634535369,199.834831082758,6665.05078125,2344.25390625,6,2.402654867256637,0.0,Electricity,StaticSPPFullSearch-Lite,6,32.21169328689575
0.8580697843790691,0.7080112287405322,301.347130713264,1536.4765625,1012.1455078125,6,2.5398230088495577,0.0,Electricity,StaticSPPFullSearch-Adaptive,6,59.186026096344
0.8376773851824061,0.6634942282007693,230.27174161333076,1900.0205078125,1900.0205078125,10,10.0,,Electricity,OB,6,44.94854521751404
0.8970448676921718,0.7886425073696786,286.153279837218,5769.322265625,5769.322265625,10,10.0,,Electricity,LB,6,156.61544513702393
0.8844872106111099,0.762627411878418,229.346118424176,6313.6591796875,6313.6591796875,10,10.0,,Electricity,ARF,6,72.17070150375366
0.8880845710754562,0.7697313439524274,272.6131288396753,4445.55859375,4445.55859375,10,10.0,,Electricity,SRP,6,180.53951501846316
0.8119537388540655,0.6052902035642559,129.99875913517906,366.73828125,366.73828125,2,2.199115044247788,65.0,Electricity,DSPP-Lite,7,19.376280784606934
0.8528834057955021,0.6964698976332511,278.84009322058995,1080.44140625,1013.34375,4,2.4557522123893807,39.0,Electricity,DSPP-Adaptive,7,51.65979051589966
0.8035576350113659,0.5872319111873836,200.06707218837136,6698.154296875,1917.57421875,6,2.0,0.0,Electricity,StaticSPP-Lite,7,32.26405358314514
0.856436626867648,0.7040591884083097,293.91381161819766,1339.9580078125,821.791015625,6,2.0,0.0,Electricity,StaticSPP-Adaptive,7,59.67962646484375
0.8078612257509215,0.5981059454198262,199.4001143619627,6696.927734375,1917.9375,6,2.336283185840708,0.0,Electricity,StaticSPPFullSearch-Lite,7,32.41124701499939
0.8538324027278145,0.6983262707122,310.57034478660665,1339.3349609375,1013.76953125,6,2.4557522123893807,0.0,Electricity,StaticSPPFullSearch-Adaptive,7,61.31269836425781
0.8251417977974443,0.6354377167138721,227.9001252632859,929.0068359375,929.0068359375,10,10.0,,Electricity,OB,7,44.703938484191895
0.8965593343779656,0.787500435922838,272.42699624689646,6014.4794921875,6014.4794921875,10,10.0,,Electricity,LB,7,154.2079882621765
0.8857893226810267,0.7653626094884657,230.9428187257239,12741.8701171875,12741.8701171875,10,10.0,,Electricity,ARF,7,73.59736442565918
0.8905784467347885,0.7748610093657233,263.1350723412341,6293.0537109375,6293.0537109375,10,10.0,,Electricity,SRP,7,170.24573302268982
0.8025380710659898,0.58552249114378,130.35783682011848,336.32421875,336.32421875,2,2.168141592920354,59.0,Electricity,DSPP-Lite,8,17.417462587356567
0.8573856237999603,0.706348153850459,293.43020221854016,968.7841796875,294.4599609375,5,2.424778761061947,33.0,Electricity,DSPP-Adaptive,8,57.15100574493408
0.804109377413873,0.5876437117984759,198.73331236558465,6968.9892578125,2343.80859375,6,2.0,0.0,Electricity,StaticSPP-Lite,8,32.21857261657715
0.8609829842643066,0.7141024292680879,289.82574163549657,1285.2412109375,294.7314453125,6,2.0,0.0,Electricity,StaticSPP-Adaptive,8,59.55817914009094
0.8036017744035665,0.5879879332717749,199.6851310218782,6969.3671875,2343.9814453125,6,2.31858407079646,0.0,Electricity,StaticSPPFullSearch-Lite,8,32.08304190635681
0.8584008298205734,0.7086383681670665,303.7180076346324,1285.6123046875,295.0673828125,6,2.398230088495575,0.0,Electricity,StaticSPPFullSearch-Adaptive,8,60.07430505752564
0.8260907947297566,0.6384633135019151,229.13760032843928,1049.3291015625,1049.3291015625,10,10.0,,Electricity,OB,8,44.368114709854126
0.8973759131336762,0.7892832073401239,279.3268413226929,4642.6923828125,4642.6923828125,10,10.0,,Electricity,LB,8,156.1067018508911
0.8845313500033104,0.7629679856258107,227.94101955330424,9454.6142578125,9454.6142578125,10,10.0,,Electricity,ARF,8,72.51489543914795
0.8868045287016397,0.7671231637188624,262.557035973416,6664.3251953125,6664.3251953125,10,10.0,,Electricity,SRP,8,165.2665514945984
0.8018361987155437,0.5828088637649814,131.93984993000012,1339.8046875,1339.8046875,2,2.168141592920354,62.0,Electricity,DSPP-Lite,9,18.30680632591248
0.8585994570854759,0.7083494114123835,304.40177690546085,1317.962890625,674.2578125,6,2.504424778761062,33.0,Electricity,DSPP-Adaptive,9,59.2486252784729
0.8015051532740394,0.5820327779066147,201.1523949274518,6422.1962890625,2099.5263671875,6,2.0,0.0,Electricity,StaticSPP-Lite,9,32.15452814102173
0.8606077994306018,0.712785815868977,288.6662441744182,1317.833984375,419.2861328125,6,2.0,0.0,Electricity,StaticSPP-Adaptive,9,58.44827008247376
0.8039990289333716,0.5886890932147987,201.80435032655748,6423.251953125,3195.9580078125,6,2.398230088495575,0.0,Electricity,StaticSPPFullSearch-Lite,9,31.93900489807129
0.8585994570854759,0.7083494114123835,299.8504345670909,1318.052734375,674.666015625,6,2.504424778761062,0.0,Electricity,StaticSPPFullSearch-Adaptive,9,58.56613826751709
0.831475800578226,0.6496872149818387,227.31366633762025,836.5244140625,836.5244140625,10,10.0,,Electricity,OB,9,44.14444231987
0.8958089647105559,0.7859120606102695,273.3252915143102,6257.38671875,6257.38671875,10,10.0,,Electricity,LB,9,153.5968861579895
0.8862307166030324,0.7662758185891889,224.91609882597407,7555.013671875,7555.013671875,10,10.0,,Electricity,ARF,9,71.17256593704224
0.8774028381629185,0.7478467474635266,269.41770869025646,4365.6943359375,4365.6943359375,10,10.0,,Electricity,SRP,9,174.08591437339783
0.9251850370074016,0.8350783243569768,110.66860279715912,567.0126953125,185.451171875,6,2.4,2.0,SEA-abrupt,DSPP-Lite,0,2.071223735809326
0.942988597719544,0.8736917051511202,169.9748974029717,710.490234375,225.62109375,6,2.28,0.0,SEA-abrupt,DSPP-Adaptive,0,3.0978457927703857
0.9257851570314064,0.8367004856733024,180.73836720104737,567.2744140625,185.302734375,6,2.0,0.0,SEA-abrupt,StaticSPP-Lite,0,3.592245101928711
0.9427885577115424,0.8732329527610511,189.27744900884136,711.275390625,226.154296875,6,2.0,0.0,SEA-abrupt,StaticSPP-Adaptive,0,3.4235870838165283
0.9251850370074016,0.8350783243569768,112.95133720195736,567.2451171875,185.412109375,6,2.4,0.0,SEA-abrupt,StaticSPPFullSearch-Lite,0,2.0762643814086914
0.942988597719544,0.8736917051511202,172.8318794037477,710.462890625,225.712890625,6,2.28,0.0,SEA-abrupt,StaticSPPFullSearch-Adaptive,0,3.1204159259796143
0.9331866373274657,0.85048853465393,136.0650078027902,959.6611328125,959.6611328125,10,10.0,,SEA-abrupt,OB,0,2.983947992324829
0.9575915183036608,0.9065606488033668,152.14940639452834,3344.318359375,3344.318359375,10,10.0,,SEA-abrupt,LB,0,10.589295625686646
0.965993198639728,0.9251270759587106,182.8645972045706,4594.986328125,4594.986328125,10,10.0,,SEA-abrupt,ARF,0,5.000422477722168
0.9507901580316064,0.890747947027563,157.43011899248813,1971.517578125,1971.517578125,10,10.0,,SEA-abrupt,SRP,0,10.1959867477417
0.9197839567913584,0.8179827932545548,114.30359860605677,601.4599609375,185.30859375,6,2.56,1.0,SEA-abrupt,DSPP-Lite,1,2.1157925128936768
0.9325865173034606,0.8477787928892241,278.68699879309133,743.9892578125,259.021484375,6,2.08,1.0,SEA-abrupt,DSPP-Adaptive,1,5.116502046585083
0.9221844368873776,0.8243382392063162,110.37583680736134,601.8369140625,185.6640625,6,2.0,0.0,SEA-abrupt,StaticSPP-Lite,1,2.0905516147613525
0.9361872374474896,0.8557138737735149,167.63094919260766,743.6865234375,259.359375,6,2.0,0.0,SEA-abrupt,StaticSPP-Adaptive,1,3.117446184158325
0.9197839567913584,0.8179827932545548,111.75268100341782,602.1240234375,185.74609375,6,2.56,0.0,SEA-abrupt,StaticSPPFullSearch-Lite,1,2.0747244358062744
0.9325865173034606,0.8477787928892241,200.86381159435405,743.4658203125,259.087890625,6,2.08,0.0,SEA-abrupt,StaticSPPFullSearch-Adaptive,1,3.826775074005127
0.9219843968793758,0.8212974967112161,178.9448719984648,808.0732421875,808.0732421875,10,10.0,,SEA-abrupt,OB,1,3.798218011856079
0.943988797759552,0.8735082738522556,128.26682140821504,3071.1220703125,3071.1220703125,10,10.0,,SEA-abrupt,LB,1,8.996140718460083
0.960992198439688,0.9128636558300112,213.89645080435,5948.3798828125,5948.3798828125,10,10.0,,SEA-abrupt,ARF,1,6.419344186782837
0.9403880776155232,0.8643105661640175,157.98169640456763,1972.2548828125,1972.2548828125,10,10.0,,SEA-abrupt,SRP,1,10.222278118133543
0.931986397279456,0.850160105099331,156.59644861207198,669.744140625,230.759765625,6,2.48,0.0,SEA-abrupt,DSPP-Lite,2,3.018398761749268
0.9357871574314864,0.8569657061723222,185.53993080149667,877.7314453125,462.9892578125,6,2.8,1.0,SEA-abrupt,DSPP-Adaptive,2,3.246107816696167
0.9335867173434688,0.8543673099771327,110.95727000029,669.59765625,230.892578125,6,2.0,0.0,SEA-abrupt,StaticSPP-Lite,2,2.1048331260681152
0.9363872774554912,0.8582848285224335,167.55068799775472,877.6689453125,296.6025390625,6,2.0,0.0,SEA-abrupt,StaticSPP-Adaptive,2,3.1517345905303955
0.931986397279456,0.850160105099331,163.70124539789686,669.380859375,230.763671875,6,2.48,0.0,SEA-abrupt,StaticSPPFullSearch-Lite,2,3.22133469581604
0.9357871574314864,0.8569657061723222,242.36724360289367,877.1689453125,462.6904296875,6,2.8,0.0,SEA-abrupt,StaticSPPFullSearch-Adaptive,2,4.037423610687256
0.9253850770154032,0.8323756758566845,121.14565198698983,853.099609375,853.099609375,10,10.0,,SEA-abrupt,OB,2,2.674248456954956
0.957991598319664,0.9071086207702076,163.85451359965373,3230.0380859375,3230.0380859375,10,10.0,,SEA-abrupt,LB,2,10.90598440170288
0.9643928785757152,0.921631621360976,153.17857239788282,4795.642578125,4795.642578125,10,10.0,,SEA-abrupt,ARF,2,4.378791332244873
0.9527905581116224,0.8950629703653694,170.89504160394426,2118.9287109375,2118.9287109375,10,10.0,,SEA-abrupt,SRP,2,11.268986940383911
0.941988397679536,0.8715739256737339,114.46982440484136,555.921875,255.3525390625,6,2.68,0.0,SEA-abrupt,DSPP-Lite,3,2.165414810180664
0.941988397679536,0.8701363733353303,179.31597500537464,792.076171875,390.04296875,6,2.52,1.0,SEA-abrupt,DSPP-Adaptive,3,3.197028875350952
0.9415883176635328,0.8719409701727704,120.56828640070307,556.162109375,162.73828125,6,2.0,0.0,SEA-abrupt,StaticSPP-Lite,3,2.2539069652557373
0.93998799759952,0.8656233367561436,272.9814951919252,792.40234375,259.4755859375,6,2.12,0.0,SEA-abrupt,StaticSPP-Adaptive,3,4.931375503540039
0.941988397679536,0.8715739256737339,114.15558420849266,556.56640625,255.7314453125,6,2.68,0.0,SEA-abrupt,StaticSPPFullSearch-Lite,3,2.128337860107422
0.941988397679536,0.8701363733353303,177.42946898688388,792.015625,390.216796875,6,2.52,0.0,SEA-abrupt,StaticSPPFullSearch-Adaptive,3,3.170814037322998
0.9297859571914384,0.8410618251872019,122.37857640266158,865.3271484375,865.3271484375,10,10.0,,SEA-abrupt,OB,3,2.6761302947998047
0.956991398279656,0.9043814085612216,161.89348259831604,3494.2685546875,3494.2685546875,10,10.0,,SEA-abrupt,LB,3,10.997772216796877
0.9617923584716944,0.9150111669182572,157.41588940236397,6601.6025390625,6601.6025390625,10,10.0,,SEA-abrupt,ARF,3,5.147502899169922
0.9535907181436288,0.8960820470914177,170.7731538092048,2102.26171875,2102.26171875,10,10.0,,SEA-abrupt,SRP,3,10.904943704605104
0.9081816363272656,0.7930834754609684,113.0029289981394,613.1845703125,208.25,6,2.64,2.0,SEA-abrupt,DSPP-Lite,4,2.100722551345825
0.9377875575115024,0.8604345420623571,263.52422219551954,815.49609375,260.83984375,6,2.16,0.0,SEA-abrupt,DSPP-Adaptive,4,4.948253393173218
0.912382476495299,0.8029444725037249,122.19239499954708,613.1748046875,208.232421875,6,2.0,0.0,SEA-abrupt,StaticSPP-Lite,4,2.2489633560180664
0.9373874774954992,0.8596860517701522,170.1648091979223,816.48046875,272.17578125,6,2.0,0.0,SEA-abrupt,StaticSPP-Adaptive,4,3.1720917224884038
0.9081816363272656,0.7930834754609684,112.48062099857634,612.9052734375,208.236328125,6,2.64,0.0,SEA-abrupt,StaticSPPFullSearch-Lite,4,2.1069462299346924
0.9377875575115024,0.8604345420623571,187.48144960027275,816.01171875,260.98046875,6,2.16,0.0,SEA-abrupt,StaticSPPFullSearch-Adaptive,4,3.480230569839477
0.9227845569113824,0.8232812772743899,199.29865419635465,474.052734375,474.052734375,10,10.0,,SEA-abrupt,OB,4,4.20762038230896
0.9487897579515904,0.8855874462891001,132.21412079710717,3516.630859375,3516.630859375,10,10.0,,SEA-abrupt,LB,4,9.114082098007202
0.9613922784556912,0.9140505104594726,215.23631859581656,5791.4912109375,5791.4912109375,10,10.0,,SEA-abrupt,ARF,4,6.368924140930176
0.9513902780556112,0.8907473843154351,155.40089240057569,1964.4765625,1964.4765625,10,10.0,,SEA-abrupt,SRP,4,9.945956230163574
0.9251850370074016,0.8340756457567852,173.1448683916824,613.2412109375,196.7548828125,6,2.16,1.0,SEA-abrupt,DSPP-Lite,5,3.350284576416016
0.9427885577115424,0.8727227730264301,178.9557758042065,771.5751953125,261.4326171875,6,2.56,0.0,SEA-abrupt,DSPP-Adaptive,5,3.1777257919311523
0.9247849569913984,0.8335318066563401,111.43997039962414,613.0322265625,196.9501953125,6,2.0,0.0,SEA-abrupt,StaticSPP-Lite,5,2.084357500076294
0.9425885177035408,0.8723932894438534,165.46725820680876,771.5205078125,261.3994140625,6,2.0,0.0,SEA-abrupt,StaticSPP-Adaptive,5,3.093876838684082
0.9251850370074016,0.8340756457567852,139.5202763929774,612.1611328125,196.5283203125,6,2.16,0.0,SEA-abrupt,StaticSPPFullSearch-Lite,5,2.687154531478882
0.9427885577115424,0.8727227730264301,263.62519260383124,771.2333984375,261.4423828125,6,2.56,0.0,SEA-abrupt,StaticSPPFullSearch-Adaptive,5,4.512132406234741
0.927985597119424,0.8376063146963739,123.04818520533443,830.4873046875,830.4873046875,10,10.0,,SEA-abrupt,OB,5,2.687150716781616
0.956991398279656,0.904726248577367,161.68022120637033,3469.3291015625,3469.3291015625,10,10.0,,SEA-abrupt,LB,5,11.03370189666748
0.962992598519704,0.9177873017399776,153.4751673883875,5530.03125,5530.03125,10,10.0,,SEA-abrupt,ARF,5,4.831485748291016
0.953990798159632,0.8971920482618047,173.80284339524223,2017.4775390625,2017.4775390625,10,10.0,,SEA-abrupt,SRP,5,11.084741353988647
0.93498699739948,0.8589292752177026,112.7421964032692,612.8955078125,185.36328125,6,2.4,1.0,SEA-abrupt,DSPP-Lite,6,2.104048728942871
0.9347869573914784,0.8563712616668815,169.88962581035594,777.810546875,388.83203125,6,2.32,1.0,SEA-abrupt,DSPP-Adaptive,6,3.100519895553589
0.9377875575115024,0.8656008424838856,114.90614539798116,613.3857421875,185.63671875,6,2.0,0.0,SEA-abrupt,StaticSPP-Lite,6,2.1418232917785645
0.9337867573514704,0.8542544929644569,270.11961820026045,777.5859375,259.46484375,6,2.04,0.0,SEA-abrupt,StaticSPP-Adaptive,6,5.064558506011963
0.93498699739948,0.8589292752177026,115.65765060076956,613.0380859375,185.314453125,6,2.4,0.0,SEA-abrupt,StaticSPPFullSearch-Lite,6,2.114633321762085
0.9347869573914784,0.8563712616668815,169.31955959626066,777.6640625,388.74609375,6,2.32,0.0,SEA-abrupt,StaticSPPFullSearch-Adaptive,6,3.094151735305786
0.931986397279456,0.848881499395405,123.02115360562313,624.9658203125,624.9658203125,10,10.0,,SEA-abrupt,OB,6,2.6805222034454346
0.9561912382476496,0.9038880622389148,160.99564699688926,3299.0634765625,3299.0634765625,10,10.0,,SEA-abrupt,LB,6,10.926239013671877
0.9615923184636928,0.9160241814744484,156.8545721915143,5335.833984375,5335.833984375,10,10.0,,SEA-abrupt,ARF,6,4.81108283996582
0.956991398279656,0.9055545806447984,169.23921139896265,1756.3076171875,1756.3076171875,10,10.0,,SEA-abrupt,SRP,6,10.990644216537476
0.9445889177835568,0.8799179428334958,115.17188219841046,636.0517578125,242.5244140625,6,2.4,0.0,SEA-abrupt,DSPP-Lite,7,2.1506361961364746
0.9435887177435488,0.8769387980643576,229.918476194689,757.5322265625,248.9462890625,6,2.32,1.0,SEA-abrupt,DSPP-Adaptive,7,4.427767753601074
0.945989197839568,0.8835901159105152,151.69880879620905,636.1162109375,242.3583984375,6,2.0,0.0,SEA-abrupt,StaticSPP-Lite,7,2.900322914123535
0.9431886377275456,0.8760939081864199,166.3401434010666,757.7158203125,248.7705078125,6,2.0,0.0,SEA-abrupt,StaticSPP-Adaptive,7,3.2374227046966557
0.9445889177835568,0.8799179428334958,112.64808840842306,635.8232421875,242.5400390625,6,2.4,0.0,SEA-abrupt,StaticSPPFullSearch-Lite,7,2.116561889648437
0.9435887177435488,0.8769387980643576,173.2985323997127,757.3095703125,248.5009765625,6,2.32,0.0,SEA-abrupt,StaticSPPFullSearch-Adaptive,7,3.2585654258728027
0.9351870374074815,0.8574233391513901,200.7305347968213,566.2548828125,566.2548828125,10,10.0,,SEA-abrupt,OB,7,4.294913053512573
0.9583916783356672,0.9093334747083964,133.9527247924707,2851.849609375,2851.849609375,10,10.0,,SEA-abrupt,LB,7,9.275191068649292
0.962992598519704,0.9194767571705492,211.99024559555252,5902.0244140625,5902.0244140625,10,10.0,,SEA-abrupt,ARF,7,6.68965220451355
0.9527905581116224,0.8966871086132022,145.8501890028856,2018.5849609375,2018.5849609375,10,10.0,,SEA-abrupt,SRP,7,9.52158784866333
0.9453890778155633,0.8838887242586599,189.0817472083654,624.30078125,208.27734375,6,2.32,0.0,SEA-abrupt,DSPP-Lite,8,3.69557523727417
0.946989397879576,0.8869388023681544,179.69897959301306,757.7177734375,248.126953125,6,2.52,0.0,SEA-abrupt,DSPP-Adaptive,8,3.329812526702881
0.9447889577915584,0.8832836146140551,112.79661199314432,624.30859375,208.46875,6,2.0,0.0,SEA-abrupt,StaticSPP-Lite,8,2.1258060932159424
0.946989397879576,0.8869608950665242,165.7084345970361,757.5107421875,247.947265625,6,2.0,0.0,SEA-abrupt,StaticSPP-Adaptive,8,3.2266671657562256
0.9453890778155633,0.8838887242586599,135.3553729983105,624.615234375,208.19921875,6,2.32,0.0,SEA-abrupt,StaticSPPFullSearch-Lite,8,2.674057006835937
0.946989397879576,0.8869388023681544,255.98455679846663,757.4013671875,248.154296875,6,2.52,0.0,SEA-abrupt,StaticSPPFullSearch-Adaptive,8,4.62566351890564
0.9315863172634526,0.8520777883853162,120.00742479885956,980.9755859375,980.9755859375,10,10.0,,SEA-abrupt,OB,8,2.632852077484131
0.9567913582716544,0.9075281808576215,163.25545919862634,2964.6572265625,2964.6572265625,10,10.0,,SEA-abrupt,LB,8,10.817809343338013
0.9655931186237248,0.9264515760388784,154.26612660212413,5119.5947265625,5119.5947265625,10,10.0,,SEA-abrupt,ARF,8,4.67551851272583
0.9555911182236448,0.9046416006643084,169.83225880685495,1902.8896484375,1902.8896484375,10,10.0,,SEA-abrupt,SRP,8,10.963414907455444
0.9431886377275456,0.8788671919194055,116.53155679705378,635.4111328125,184.791015625,6,2.28,0.0,SEA-abrupt,DSPP-Lite,9,2.150965452194214
0.9527905581116224,0.898303781511446,176.37883240076917,854.50390625,272.865234375,6,2.4,0.0,SEA-abrupt,DSPP-Adaptive,9,3.207091808319092
0.9407881576315263,0.8742719698029228,115.90542360536348,635.3720703125,185.392578125,6,2.0,0.0,SEA-abrupt,StaticSPP-Lite,9,2.1482748985290527
0.9513902780556112,0.8952983701288812,268.94471899340715,854.166015625,272.513671875,6,2.0,0.0,SEA-abrupt,StaticSPP-Adaptive,9,5.137999773025513
0.9431886377275456,0.8788671919194055,116.24998039114872,635.7607421875,185.24609375,6,2.28,0.0,SEA-abrupt,StaticSPPFullSearch-Lite,9,2.1680307388305664
0.9527905581116224,0.898303781511446,180.30073539812287,855.1953125,272.796875,6,2.4,0.0,SEA-abrupt,StaticSPPFullSearch-Adaptive,9,3.227219343185425
0.9401880376075216,0.8704344918806853,124.22884520419758,946.234375,946.234375,10,10.0,,SEA-abrupt,OB,9,2.730135679244995
0.9605921184236847,0.9153496753461924,161.79092819038488,3414.9296875,3414.9296875,10,10.0,,SEA-abrupt,LB,9,11.046974182128906
0.9633926785357072,0.9211506244180462,152.39935459576373,5551.166015625,5551.166015625,10,10.0,,SEA-abrupt,ARF,9,4.440164089202881
0.9561912382476496,0.9054007287934054,174.6643304004465,2155.3984375,2155.3984375,10,10.0,,SEA-abrupt,SRP,9,11.338292837142944
0.9299854136278392,0.8412720100343923,112.57660749966666,600.84765625,300.3857421875,6,2.625,0.0,SEA-recurring,DSPP-Lite,0,2.0033295154571533
0.9322775578245468,0.8460921715147045,222.9597537475077,781.267578125,391.0029296875,6,2.208333333333333,1.0,SEA-recurring,DSPP-Adaptive,0,4.160475730895996
0.9293602833923734,0.8407024613131919,157.70979791473866,600.955078125,185.4296875,6,2.0,0.0,SEA-recurring,StaticSPP-Lite,0,2.9233577251434326
0.932485934569702,0.846543610158498,172.3513866573967,781.50390625,260.23828125,6,2.0,0.0,SEA-recurring,StaticSPP-Adaptive,0,3.151444673538208
0.9299854136278392,0.8412720100343923,111.6208347900738,600.37890625,300.0927734375,6,2.625,0.0,SEA-recurring,StaticSPPFullSearch-Lite,0,1.9957735538482664
0.9322775578245468,0.8460921715147045,173.2342645916181,781.4140625,390.7841796875,6,2.208333333333333,0.0,SEA-recurring,StaticSPPFullSearch-Adaptive,0,3.1486542224884038
0.9199833298603876,0.8162177730670223,177.0608737558632,866.6611328125,866.6611328125,10,10.0,,SEA-recurring,OB,0,3.6601040363311768
0.9460304230047928,0.8795355959166541,139.66585353500705,3263.5224609375,3263.5224609375,10,10.0,,SEA-recurring,LB,0,9.473391771316528
0.9495728276724318,0.8871068305073379,205.02693686391163,6027.1474609375,6027.1474609375,10,10.0,,SEA-recurring,ARF,0,5.942036867141724
0.9399874973952906,0.8650344251508572,148.65541562035864,1849.65234375,1849.65234375,10,10.0,,SEA-recurring,SRP,0,9.16069722175598
0.92206709731194,0.8255185614725135,129.72165187231136,555.2333984375,185.05859375,6,2.458333333333333,1.0,SEA-recurring,DSPP-Lite,1,2.42163634300232
0.9245676182538028,0.8324741537342923,272.52435332608604,709.4541015625,236.6337890625,6,2.4166666666666665,1.0,SEA-recurring,DSPP-Adaptive,1,4.502827405929565
0.923734111273182,0.8301224479689948,112.8954037424516,555.9775390625,185.048828125,6,2.0,0.0,SEA-recurring,StaticSPP-Lite,1,2.0149829387664795
0.9226922275474058,0.828240127658224,165.64378749952388,709.4619140625,236.7470703125,6,2.0,0.0,SEA-recurring,StaticSPP-Adaptive,1,2.93896746635437
0.92206709731194,0.8255185614725135,116.67827583721646,555.8369140625,185.1953125,6,2.458333333333333,0.0,SEA-recurring,StaticSPPFullSearch-Lite,1,2.0577139854431152
0.9245676182538028,0.8324741537342923,215.37517208590396,710.2587890625,236.8740234375,6,2.4166666666666665,0.0,SEA-recurring,StaticSPPFullSearch-Adaptive,1,3.802361249923706
0.923734111273182,0.8266763635502437,174.74378770979607,533.85546875,533.85546875,10,10.0,,SEA-recurring,OB,1,3.5725698471069336
0.9451969160241716,0.8784682967158514,127.49780646023132,3345.3896484375,3345.3896484375,10,10.0,,SEA-recurring,LB,1,8.752223491668701
0.9501979579078976,0.8899413637160514,219.9219770811093,4945.56640625,4945.56640625,10,10.0,,SEA-recurring,ARF,1,6.27858304977417
0.9408210043759117,0.8680051236150579,147.10527687176028,2025.642578125,2025.642578125,10,10.0,,SEA-recurring,SRP,1,9.31122612953186
0.9201917066055428,0.8225185390610584,183.66000229377727,601.4814453125,185.126953125,6,2.375,0.0,SEA-recurring,DSPP-Lite,2,3.463092565536499
0.925609501979579,0.8347388506265575,172.70098271637835,743.259765625,506.6640625,6,2.458333333333333,0.0,SEA-recurring,DSPP-Adaptive,2,2.9592533111572266
0.9226922275474058,0.8295865607971438,111.8745649896861,601.2197265625,185.18359375,6,2.0,0.0,SEA-recurring,StaticSPP-Lite,2,2.02789568901062
0.9274848926859762,0.8386745215882511,164.42884708737893,743.58203125,247.556640625,6,2.0,0.0,SEA-recurring,StaticSPP-Adaptive,2,2.911020278930664
0.9201917066055428,0.8225185390610584,111.45566063551844,601.2001953125,185.2890625,6,2.375,0.0,SEA-recurring,StaticSPPFullSearch-Lite,2,2.006353616714477
0.925609501979579,0.8347388506265575,288.7787516685118,743.57421875,506.650390625,6,2.458333333333333,0.0,SEA-recurring,StaticSPPFullSearch-Adaptive,2,4.910726070404053
0.9229006042925608,0.8263518625296417,121.92023229545156,890.0126953125,890.0126953125,10,10.0,,SEA-recurring,OB,2,2.5499815940856934
0.9499895811627422,0.8899439610121685,152.48768646226077,3467.1513671875,3467.1513671875,10,10.0,,SEA-recurring,LB,2,10.021084308624268
0.9474890602208792,0.884411403753589,171.66987625823063,6880.3330078125,6880.3330078125,10,10.0,,SEA-recurring,ARF,2,5.400682210922241
0.9449885392790164,0.8780277975886986,170.80650291442606,1977.341796875,1977.341796875,10,10.0,,SEA-recurring,SRP,2,10.702417135238647
0.9414461346113774,0.8738316257415036,113.11129395778607,612.7314453125,312.109375,6,2.208333333333333,0.0,SEA-recurring,DSPP-Lite,3,2.042717933654785
0.9306105438633048,0.8481671224153984,172.72582229793443,879.4892578125,736.5390625,6,2.333333333333333,2.0,SEA-recurring,DSPP-Adaptive,3,3.059954643249512
0.9420712648468432,0.8752780279052514,115.87986522063903,612.6533203125,196.6005859375,6,2.0,0.0,SEA-recurring,StaticSPP-Lite,3,2.070063829421997
0.9295686601375288,0.8457625107306015,183.58069897412105,880.3369140625,297.5556640625,6,2.0,0.0,SEA-recurring,StaticSPP-Adaptive,3,3.3628835678100586
0.9414461346113774,0.8738316257415036,185.0737889706504,612.8994140625,312.17578125,6,2.208333333333333,0.0,SEA-recurring,StaticSPPFullSearch-Lite,3,3.508875608444214
0.9306105438633048,0.8481671224153984,176.74680875529702,880.3369140625,737.255859375,6,2.333333333333333,0.0,SEA-recurring,StaticSPPFullSearch-Adaptive,3,3.0788731575012207
0.9243592415086476,0.8332545409174807,122.12008333222,958.09765625,958.09765625,10,10.0,,SEA-recurring,OB,3,2.573031425476074
0.9493644509272764,0.8903692582636208,164.66579624136557,3250.9150390625,3250.9150390625,10,10.0,,SEA-recurring,LB,3,10.653666734695436
0.948947697436966,0.8896689161944323,152.939636873081,4768.490234375,4768.490234375,10,10.0,,SEA-recurring,ARF,3,4.643426179885864
0.948947697436966,0.8892642382791769,172.2226714491626,1948.4228515625,1948.4228515625,10,10.0,,SEA-recurring,SRP,3,10.689749479293823
0.9226922275474058,0.8308677159904447,109.1109150036118,555.3515625,185.28125,6,2.458333333333333,0.0,SEA-recurring,DSPP-Lite,4,1.9597480297088623
0.9295686601375288,0.8464936205490058,170.17468666438162,720.744140625,236.068359375,6,2.083333333333333,1.0,SEA-recurring,DSPP-Adaptive,4,2.9879350662231445
0.9274848926859762,0.8414804467948059,111.3035935342547,556.041015625,185.64453125,6,2.0,0.0,SEA-recurring,StaticSPP-Lite,4,2.007297992706299
0.9287351531569076,0.8447125116305386,274.2453195804728,720.900390625,235.91796875,6,2.0,0.0,SEA-recurring,StaticSPP-Adaptive,4,4.935023784637451
0.9226922275474058,0.8308677159904447,110.2037837580383,555.939453125,185.14453125,6,2.458333333333333,0.0,SEA-recurring,StaticSPPFullSearch-Lite,4,1.9881658554077148
0.9295686601375288,0.8464936205490058,169.84135687304538,720.818359375,235.775390625,6,2.083333333333333,0.0,SEA-recurring,StaticSPPFullSearch-Adaptive,4,2.9674506187438965
0.925609501979579,0.8357789343938354,121.84862541535796,775.72265625,775.72265625,10,10.0,,SEA-recurring,OB,4,2.541399955749512
0.9416545113565328,0.8742734598096494,164.40500270410516,3343.08984375,3343.08984375,10,10.0,,SEA-recurring,LB,4,10.564798593521118
0.9476974369660346,0.8873333721812391,155.71895979026826,5475.251953125,5475.251953125,10,10.0,,SEA-recurring,ARF,4,4.321039199829102
0.9470723067305687,0.8854817065127814,172.39237311324965,2115.7861328125,2115.7861328125,10,10.0,,SEA-recurring,SRP,4,10.70224952697754
0.9347780787664096,0.8594790003903862,110.6649456210107,532.806640625,173.8466796875,6,2.375,0.0,SEA-recurring,DSPP-Lite,5,2.0001838207244877
0.9283183996665972,0.8450744486430961,174.8072770806175,801.875,259.435546875,6,2.375,0.0,SEA-recurring,DSPP-Adaptive,5,2.9797818660736084
0.934152948530944,0.8584238114149797,159.79248019713546,532.4921875,173.6572265625,6,2.0,0.0,SEA-recurring,StaticSPP-Lite,5,2.9692587852478027
0.9270681391956658,0.8425092971694337,227.8695129117144,802.421875,259.640625,6,2.0,0.0,SEA-recurring,StaticSPP-Adaptive,5,3.897351741790772
0.9347780787664096,0.8594790003903862,112.3849712413024,532.4765625,173.8193359375,6,2.375,0.0,SEA-recurring,StaticSPPFullSearch-Lite,5,2.004936933517456
0.9283183996665972,0.8450744486430961,174.56075979263613,801.947265625,259.19921875,6,2.375,0.0,SEA-recurring,StaticSPPFullSearch-Adaptive,5,2.980133533477783
0.9349864555115648,0.8584080905771829,121.3339543822182,798.9833984375,798.9833984375,10,10.0,,SEA-recurring,OB,5,2.529460191726685
0.9493644509272764,0.8912356199224668,163.60423832850302,3355.501953125,3355.501953125,10,10.0,,SEA-recurring,LB,5,10.528064012527466
0.9531152323400708,0.8995094948415759,152.1272093710498,5296.1142578125,5296.1142578125,10,10.0,,SEA-recurring,ARF,5,4.263606071472168
0.946238799749948,0.8838563668772335,176.20292687430114,2009.28125,2009.28125,10,10.0,,SEA-recurring,SRP,5,10.746939420700071
0.929151906647218,0.8489372390453436,114.82432166379417,577.96484375,185.234375,6,2.2916666666666665,1.0,SEA-recurring,DSPP-Lite,6,2.0302093029022217
0.9285267764117524,0.844896688847431,238.51481562341328,681.029296875,444.919921875,6,3.0,0.0,SEA-recurring,DSPP-Adaptive,6,3.956191778182984
0.9266513857053552,0.8439872518708623,167.5817610367858,578.01171875,185.484375,6,2.0,0.0,SEA-recurring,StaticSPP-Lite,6,3.0479302406311035
0.9268597624505104,0.8409190651594272,168.39315458450227,680.9453125,236.3125,6,2.0,0.0,SEA-recurring,StaticSPP-Adaptive,6,2.985792398452759
0.929151906647218,0.8489372390453436,114.59242896269946,578.431640625,185.369140625,6,2.2916666666666665,0.0,SEA-recurring,StaticSPPFullSearch-Lite,6,2.027064323425293
0.9285267764117524,0.844896688847431,193.15410520448492,681.29296875,444.919921875,6,3.0,0.0,SEA-recurring,StaticSPPFullSearch-Adaptive,6,3.1062819957733154
0.9335278182954784,0.8546970159318932,170.1625414572542,786.4638671875,786.4638671875,10,10.0,,SEA-recurring,OB,6,3.494383811950684
0.9454052927693268,0.8821779285344944,152.14664063099312,3573.5478515625,3573.5478515625,10,10.0,,SEA-recurring,LB,6,9.922679901123049
0.950614711398208,0.8937910371996528,220.08558311919535,6254.080078125,6254.080078125,10,10.0,,SEA-recurring,ARF,6,6.489936113357544
0.9491560741821212,0.889950557654917,145.31619105127902,2056.716796875,2056.716796875,10,10.0,,SEA-recurring,SRP,6,9.14094066619873
0.9372785997082724,0.8663143236087771,160.9256483305899,658.25,346.31640625,6,2.458333333333333,0.0,SEA-recurring,DSPP-Lite,7,2.973820686340332
0.942904771827464,0.8759653785268611,242.06187832722512,780.466796875,246.96484375,6,2.208333333333333,0.0,SEA-recurring,DSPP-Adaptive,7,4.196122169494629
0.9399874973952906,0.8726493641092701,115.64026541047193,658.65234375,162.65625,6,2.0,0.0,SEA-recurring,StaticSPP-Lite,7,2.077313184738159
0.9439466555532404,0.8782708444032479,168.37010708684377,780.759765625,246.876953125,6,2.0,0.0,SEA-recurring,StaticSPP-Adaptive,7,3.1104443073272705
0.9372785997082724,0.8663143236087771,115.56018208125352,658.9296875,346.541015625,6,2.458333333333333,0.0,SEA-recurring,StaticSPPFullSearch-Lite,7,2.064664363861084
0.942904771827464,0.8759653785268611,260.50996457740894,781.111328125,247.02734375,6,2.208333333333333,0.0,SEA-recurring,StaticSPPFullSearch-Adaptive,7,4.853737592697144
0.9416545113565328,0.8728979572223855,132.50699583560768,936.814453125,936.814453125,10,10.0,,SEA-recurring,OB,7,2.770265817642212
0.9556157532819336,0.904295404576146,143.96828624531585,3023.8642578125,3023.8642578125,10,10.0,,SEA-recurring,LB,7,9.357895851135254
0.9595749114398832,0.9130213569963544,194.47686667168304,7060.2900390625,7060.2900390625,10,10.0,,SEA-recurring,ARF,7,6.001842737197876
0.9526984788497604,0.8975599499315842,165.16682624569512,1817.78515625,1817.78515625,10,10.0,,SEA-recurring,SRP,7,10.384190559387209
0.9366534694728068,0.8642340841968748,131.15901999753987,624.279296875,416.146484375,6,2.4166666666666665,0.0,SEA-recurring,DSPP-Lite,8,2.330330610275269
0.9454052927693268,0.8821692718968946,172.9445391644428,805.287109375,284.291015625,6,2.333333333333333,0.0,SEA-recurring,DSPP-Adaptive,8,3.143174409866333
0.939362367159825,0.8701713271900395,113.5344831340035,624.396484375,208.310546875,6,2.0,0.0,SEA-recurring,StaticSPP-Lite,8,2.031954526901245
0.944571785788706,0.8804515990308267,164.55220291921557,805.29296875,260.359375,6,2.0,0.0,SEA-recurring,StaticSPP-Adaptive,8,3.088381290435791
0.9366534694728068,0.8642340841968748,180.11104561594493,623.953125,415.888671875,6,2.4166666666666665,0.0,SEA-recurring,StaticSPPFullSearch-Lite,8,3.4430830478668213
0.9454052927693268,0.8821692718968946,203.62510249829785,806.19140625,284.83984375,6,2.333333333333333,0.0,SEA-recurring,StaticSPPFullSearch-Adaptive,8,3.631702661514282
0.933319441550323,0.8541679526174994,121.76202583134454,1050.22265625,1050.22265625,10,10.0,,SEA-recurring,OB,8,2.562782287597656
0.9487393206918108,0.8892897802401847,163.55288374294713,2977.9013671875,2977.9013671875,10,10.0,,SEA-recurring,LB,8,10.552082061767578
0.9568660137528652,0.9068941811264908,153.93494999538387,4906.337890625,4906.337890625,10,10.0,,SEA-recurring,ARF,8,4.250650405883789
0.9512398416336736,0.8944029419873761,172.2308549998767,1856.0625,1856.0625,10,10.0,,SEA-recurring,SRP,8,10.622655153274536
0.9316524275890812,0.8541478491405495,116.87379167331832,623.806640625,277.6669921875,6,2.25,0.0,SEA-recurring,DSPP-Lite,9,2.0605173110961914
0.93081892060846,0.8492893575698596,175.74339666149777,720.7294921875,236.765625,6,2.375,0.0,SEA-recurring,DSPP-Adaptive,9,2.9841346740722656
0.9335278182954784,0.8586205893421561,114.22309707938894,623.7265625,184.83203125,6,2.0,0.0,SEA-recurring,StaticSPP-Lite,9,2.04158878326416
0.9322775578245468,0.8525533950652007,242.3767635500932,720.9892578125,236.595703125,6,2.0,0.0,SEA-recurring,StaticSPP-Adaptive,9,4.487989187240601
0.9316524275890812,0.8541478491405495,143.84071083156869,624.255859375,277.8837890625,6,2.25,0.0,SEA-recurring,StaticSPPFullSearch-Lite,9,2.5933592319488525
0.93081892060846,0.8492893575698596,174.71384729238557,720.6904296875,236.6640625,6,2.375,0.0,SEA-recurring,StaticSPPFullSearch-Adaptive,9,2.97733736038208
0.9420712648468432,0.8734168111392129,122.67230521539813,992.6787109375,992.6787109375,10,10.0,,SEA-recurring,OB,9,2.5797312259674072
0.950614711398208,0.8934013634834651,163.37157291957283,3024.857421875,3024.857421875,10,10.0,,SEA-recurring,LB,9,10.667276620864868
0.9554073765367784,0.9034211388523906,157.28497374520128,4891.5791015625,4891.5791015625,10,10.0,,SEA-recurring,ARF,9,4.4153900146484375
0.9518649718691394,0.8955664622748024,171.76513958607606,1872.6748046875,1872.6748046875,10,10.0,,SEA-recurring,SRP,9,10.700230598449709
0.8817763552710542,0.7633285687838671,190.00801080619567,918.3125,306.595703125,6,2.24,1.0,Hyperplane-gradual,DSPP-Lite,0,3.053210973739624
0.8711742348469694,0.7423562948865903,308.2193774005645,1510.5810546875,795.11328125,6,2.48,2.0,Hyperplane-gradual,DSPP-Adaptive,0,5.700374603271484
0.8759751950390078,0.7516562234579574,241.15689499940345,917.87890625,305.884765625,6,2.0,0.0,Hyperplane-gradual,StaticSPP-Lite,0,3.904384136199951
0.8709741948389678,0.7419747497594684,243.6157187999925,1510.2724609375,555.81640625,6,2.0,0.0,Hyperplane-gradual,StaticSPP-Adaptive,0,4.576032638549805
0.8817763552710542,0.7633285687838671,189.908591807216,918.416015625,305.984375,6,2.24,0.0,Hyperplane-gradual,StaticSPPFullSearch-Lite,0,3.0648422241210938
0.8711742348469694,0.7423562948865903,368.81201759279065,1511.3369140625,794.978515625,6,2.48,0.0,Hyperplane-gradual,StaticSPPFullSearch-Adaptive,0,6.590522527694702
0.8919783956791358,0.7839108497172348,233.40073859944823,1768.427734375,1768.427734375,10,10.0,,Hyperplane-gradual,OB,0,4.727776527404785
0.8567713542708542,0.7134216438124082,369.4935134019033,10427.845703125,10427.845703125,10,10.0,,Hyperplane-gradual,LB,0,20.05908155441284
0.784756951390278,0.569417603263987,226.43019200404524,23205.880859375,23205.880859375,10,10.0,,Hyperplane-gradual,ARF,0,8.465380191802979
0.7785557111422284,0.5570881866956611,284.0159746012432,5948.62890625,5948.62890625,10,10.0,,Hyperplane-gradual,SRP,0,16.08282971382141
0.8727745549109822,0.7458159572847011,230.72431939181115,994.4521484375,306.341796875,6,2.4,2.0,Hyperplane-gradual,DSPP-Lite,1,3.82657241821289
0.8801760352070415,0.7601306592151044,333.633000597365,1435.5458984375,478.3173828125,6,2.4,2.0,Hyperplane-gradual,DSPP-Adaptive,1,5.937751531600952
0.8715743148629725,0.7434829641013722,190.05574439161137,994.1455078125,305.884765625,6,2.0,0.0,Hyperplane-gradual,StaticSPP-Lite,1,3.068314790725708
0.8785757151430286,0.7569579010930751,281.6937465906449,1435.6171875,478.8779296875,6,2.0,0.0,Hyperplane-gradual,StaticSPP-Adaptive,1,5.443334579467773
0.8727745549109822,0.7458159572847011,254.45517938587724,993.9150390625,306.265625,6,2.4,0.0,Hyperplane-gradual,StaticSPPFullSearch-Lite,1,4.138569355010986
0.8801760352070415,0.7601306592151044,256.9371908000903,1435.43359375,478.5751953125,6,2.4,0.0,Hyperplane-gradual,StaticSPPFullSearch-Adaptive,1,4.726895809173584
0.8935787157431486,0.786972611693538,282.3460695975882,1463.1318359375,1463.1318359375,10,10.0,,Hyperplane-gradual,OB,1,5.701154947280884
0.8515703140628126,0.7030665195204374,379.9205024057301,11984.1025390625,11984.1025390625,10,10.0,,Hyperplane-gradual,LB,1,20.209028005599976
0.7925585117023405,0.584766642233619,210.83268859765667,25537.1259765625,25537.1259765625,10,10.0,,Hyperplane-gradual,ARF,1,8.365776538848877
0.8017603520704141,0.6035568266326102,299.8138395962087,6450.912109375,6450.912109375,10,10.0,,Hyperplane-gradual,SRP,1,17.269853830337524
0.8735747149429886,0.7468417803595822,186.4570766036195,1601.1904296875,991.2255859375,6,2.24,2.0,Hyperplane-gradual,DSPP-Lite,2,3.081559896469116
0.8851770354070814,0.7703321517346832,251.1424727892517,1819.3564453125,554.7373046875,6,2.28,2.0,Hyperplane-gradual,DSPP-Adaptive,2,4.630848407745361
0.8721744348869774,0.7440171574066083,232.96574139658333,1600.7685546875,457.732421875,6,2.0,0.0,Hyperplane-gradual,StaticSPP-Lite,2,3.926472425460816
0.8855771154230846,0.7711187950179723,313.9140512019367,1820.6279296875,555.8271484375,6,2.0,0.0,Hyperplane-gradual,StaticSPP-Adaptive,2,5.757285833358765
0.8735747149429886,0.7468417803595822,187.0980575968133,1601.9697265625,991.9677734375,6,2.24,0.0,Hyperplane-gradual,StaticSPPFullSearch-Lite,2,3.083127975463867
0.8851770354070814,0.7703321517346832,287.4598733991661,1820.2724609375,554.7958984375,6,2.28,0.0,Hyperplane-gradual,StaticSPPFullSearch-Adaptive,2,5.4254114627838135
0.8901780356071214,0.7803472200601592,291.55851420018735,2374.6279296875,2374.6279296875,10,10.0,,Hyperplane-gradual,OB,2,5.934658527374268
0.8607721544308862,0.7215059170219377,363.70907979544427,10919.1162109375,10919.1162109375,10,10.0,,Hyperplane-gradual,LB,2,19.178831577301025
0.8005601120224045,0.6011582887684274,298.6668107991136,26096.751953125,26096.751953125,10,10.0,,Hyperplane-gradual,ARF,2,9.6953387260437
0.8033606721344269,0.60666545267535,287.25593620274594,6337.919921875,6337.919921875,10,10.0,,Hyperplane-gradual,SRP,2,16.375429391860962
0.8699739947989598,0.740182573845688,196.55692499891305,1069.396484375,610.548828125,6,2.28,0.0,Hyperplane-gradual,DSPP-Lite,3,3.1387197971343994
0.8811762352470494,0.7622310170749076,361.4860711926667,1667.59375,478.4814453125,6,2.48,0.0,Hyperplane-gradual,DSPP-Adaptive,3,6.897615432739258
0.8709741948389678,0.7422081930552105,196.58219299999476,1070.169921875,305.955078125,6,2.0,0.0,Hyperplane-gradual,StaticSPP-Lite,3,3.147150993347168
0.8789757951590318,0.7578051394820958,250.40063799715423,1668.419921875,478.5537109375,6,2.0,0.0,Hyperplane-gradual,StaticSPP-Adaptive,3,4.917720794677734
0.8699739947989598,0.740182573845688,305.38662759954605,1069.404296875,610.8828125,6,2.28,0.0,Hyperplane-gradual,StaticSPPFullSearch-Lite,3,4.960929870605469
0.8811762352470494,0.7622310170749076,269.747859594645,1668.5078125,478.6044921875,6,2.48,0.0,Hyperplane-gradual,StaticSPPFullSearch-Adaptive,3,5.080160617828369
0.8815763152630526,0.7629896823826864,243.22850920070775,1616.828125,1616.828125,10,10.0,,Hyperplane-gradual,OB,3,4.889296531677246
0.867373474694939,0.7346451079065555,407.942043208277,12290.0625,12290.0625,10,10.0,,Hyperplane-gradual,LB,3,21.37783551216125
0.8173634726945389,0.634639179846236,200.47772758989595,16900.72265625,16900.72265625,10,10.0,,Hyperplane-gradual,ARF,3,7.177069187164307
0.7923584716943388,0.584481749094005,345.987348404924,5928.6005859375,5928.6005859375,10,10.0,,Hyperplane-gradual,SRP,3,19.030781984329224
0.8817763552710542,0.7634749951864939,214.4592258033299,1373.677734375,533.8662109375,6,2.36,1.0,Hyperplane-gradual,DSPP-Lite,4,3.4967353343963623
0.8845769153830766,0.7691434195874531,257.6007288007532,1938.7958984375,949.9443359375,6,2.48,0.0,Hyperplane-gradual,DSPP-Adaptive,4,4.716644048690796
0.8797759551910382,0.7594551630407587,210.64069821095472,1373.408203125,533.9697265625,6,2.0,0.0,Hyperplane-gradual,StaticSPP-Lite,4,3.4778311252593994
0.8847769553910783,0.769538002541672,347.9832615972555,1939.7060546875,749.9921875,6,2.0,0.0,Hyperplane-gradual,StaticSPP-Adaptive,4,6.347007751464844
0.8817763552710542,0.7634749951864939,187.8142996085444,1374.08203125,534.3193359375,6,2.36,0.0,Hyperplane-gradual,StaticSPPFullSearch-Lite,4,3.0503084659576416
0.8845769153830766,0.7691434195874531,269.3840043992168,1938.7138671875,949.9658203125,6,2.48,0.0,Hyperplane-gradual,StaticSPPFullSearch-Adaptive,4,5.068791389465332
0.8895779155831166,0.7791397726221321,319.7993004010641,2070.2939453125,2070.2939453125,10,10.0,,Hyperplane-gradual,OB,4,6.584789514541626
0.874374874974995,0.7487490562199208,377.47393359641137,10922.7451171875,10922.7451171875,10,10.0,,Hyperplane-gradual,LB,4,19.43540954589844
0.8243648729745949,0.6487572241244343,254.9004407979737,17588.369140625,17588.369140625,10,10.0,,Hyperplane-gradual,ARF,4,8.663973093032837
0.791758351670334,0.5834979199142786,280.4551883937165,5517.7099609375,5517.7099609375,10,10.0,,Hyperplane-gradual,SRP,4,16.202420473098755
0.875375075015003,0.75021805153082,188.1225171928236,1070.30859375,459.099609375,6,2.48,2.0,Hyperplane-gradual,DSPP-Lite,5,3.0598180294036865
0.873374674934987,0.7466857019942825,336.7660436004371,1667.87890625,795.669921875,6,2.44,1.0,Hyperplane-gradual,DSPP-Adaptive,5,6.358592510223389
0.8749749949989998,0.7493539860969127,204.94734039984905,1069.60546875,457.853515625,6,2.0,0.0,Hyperplane-gradual,StaticSPP-Lite,5,3.3532028198242188
0.8719743948789758,0.743904959488066,246.70802120344888,1668.34765625,556.060546875,6,2.0,0.0,Hyperplane-gradual,StaticSPP-Adaptive,5,4.686309814453125
0.875375075015003,0.75021805153082,219.59427980582404,1069.919921875,459.138671875,6,2.48,0.0,Hyperplane-gradual,StaticSPPFullSearch-Lite,5,3.522005319595337
0.873374674934987,0.7466857019942825,358.23413099442405,1668.197265625,795.705078125,6,2.44,0.0,Hyperplane-gradual,StaticSPPFullSearch-Adaptive,5,6.327781677246094
0.8925785157031406,0.785015334235889,238.06891440744948,1540.244140625,1540.244140625,10,10.0,,Hyperplane-gradual,OB,5,4.796330451965332
0.8565713142628526,0.7130663540105378,394.5488745956027,11981.6865234375,11981.6865234375,10,10.0,,Hyperplane-gradual,LB,5,21.06082391738892
0.7941588317663533,0.5881001758191179,203.13605260907931,18280.3837890625,18280.3837890625,10,10.0,,Hyperplane-gradual,ARF,5,7.195588111877441
0.7935587117423485,0.5869203717819785,287.9558945889585,6519.318359375,6519.318359375,10,10.0,,Hyperplane-gradual,SRP,5,16.407059907913208
0.8771754350870175,0.7542370954269668,283.42574820035225,1068.83203125,305.658203125,6,2.56,2.0,Hyperplane-gradual,DSPP-Lite,6,4.666213274002075
0.8869773954790958,0.7739054735826741,277.0877329972791,1510.9248046875,554.8916015625,6,2.48,1.0,Hyperplane-gradual,DSPP-Adaptive,6,4.921408414840698
0.8771754350870175,0.7542244221356934,192.2781313960513,1069.68359375,306.103515625,6,2.0,0.0,Hyperplane-gradual,StaticSPP-Lite,6,3.077681064605713
0.8847769553910783,0.7695049063650505,308.797806405164,1511.4873046875,555.2568359375,6,2.0,0.0,Hyperplane-gradual,StaticSPP-Adaptive,6,5.974509000778198
0.8771754350870175,0.7542370954269668,216.65418480824883,1070.546875,306.4609375,6,2.56,0.0,Hyperplane-gradual,StaticSPPFullSearch-Lite,6,3.5174546241760254
0.8869773954790958,0.7739054735826741,253.2737566039941,1511.0654296875,554.9130859375,6,2.48,0.0,Hyperplane-gradual,StaticSPPFullSearch-Adaptive,6,4.586607933044434
0.8943788757751551,0.7887089406965067,308.16453079860366,1842.9384765625,1842.9384765625,10,10.0,,Hyperplane-gradual,OB,6,6.198280811309815
0.8725745149029805,0.745101875184758,368.2722057985302,10883.2919921875,10883.2919921875,10,10.0,,Hyperplane-gradual,LB,6,19.79125452041626
0.8079615923184637,0.6158853572620593,214.4372700009626,16446.396484375,16446.396484375,10,10.0,,Hyperplane-gradual,ARF,6,7.673734664916992
0.8021604320864173,0.6042680524084326,298.808499207189,6270.962890625,6270.962890625,10,10.0,,Hyperplane-gradual,SRP,6,17.21348762512207
0.878375675135027,0.7568554091454093,190.40544859199144,1070.00390625,306.40625,6,2.44,1.0,Hyperplane-gradual,DSPP-Lite,7,3.061166524887085
0.8771754350870175,0.7543917852183415,255.22816060492912,1473.0400390625,478.8408203125,6,2.56,0.0,Hyperplane-gradual,DSPP-Adaptive,7,4.600811958312988
0.8697739547909582,0.7396971644511171,231.6341440091492,1069.81640625,305.912109375,6,2.0,0.0,Hyperplane-gradual,StaticSPP-Lite,7,3.8380305767059326
0.8755751150230046,0.7511861830935039,314.3818519991328,1473.2646484375,478.6318359375,6,2.0,0.0,Hyperplane-gradual,StaticSPP-Adaptive,7,5.677151679992676
0.878375675135027,0.7568554091454093,187.1590086071592,1069.853515625,305.87109375,6,2.44,0.0,Hyperplane-gradual,StaticSPPFullSearch-Lite,7,3.030169010162353
0.8771754350870175,0.7543917852183415,278.8252516042121,1472.5556640625,478.3466796875,6,2.56,0.0,Hyperplane-gradual,StaticSPPFullSearch-Adaptive,7,5.131770372390747
0.881376275255051,0.7627925027436354,315.1859652114581,1615.8447265625,1615.8447265625,10,10.0,,Hyperplane-gradual,OB,7,6.278911828994751
0.8553710742148429,0.7107482714452235,369.6813817972725,11604.0068359375,11604.0068359375,10,10.0,,Hyperplane-gradual,LB,7,19.43651747703552
0.8017603520704141,0.6035743381988079,248.4773226060497,19660.4013671875,19660.4013671875,10,10.0,,Hyperplane-gradual,ARF,7,8.57680869102478
0.8041608321664333,0.6083804151037759,277.5938187978681,6156.1962890625,6156.1962890625,10,10.0,,Hyperplane-gradual,SRP,7,16.1254141330719
0.8875775155031006,0.7751777651304421,196.6427337969435,1146.0087890625,458.095703125,6,2.24,1.0,Hyperplane-gradual,DSPP-Lite,8,3.145057201385498
0.8973794758951791,0.7947600441038052,329.0764001934804,1590.1298828125,794.275390625,6,2.48,2.0,Hyperplane-gradual,DSPP-Adaptive,8,6.22796893119812
0.8839767953590718,0.7679832914552758,215.04379700272693,1144.7099609375,457.46875,6,2.0,0.0,Hyperplane-gradual,StaticSPP-Lite,8,3.479212999343872
0.8933786757351471,0.7867568138824514,242.60411739633128,1589.8818359375,477.7353515625,6,2.0,0.0,Hyperplane-gradual,StaticSPP-Adaptive,8,4.619133472442627
0.8875775155031006,0.7751777651304421,203.66033779901045,1145.9267578125,458.025390625,6,2.24,0.0,Hyperplane-gradual,StaticSPPFullSearch-Lite,8,3.3223800659179688
0.8973794758951791,0.7947600441038052,366.8155293931704,1589.7861328125,794.072265625,6,2.48,0.0,Hyperplane-gradual,StaticSPPFullSearch-Adaptive,8,6.454070091247559
0.90998199639928,0.8199640432287978,235.5491440051992,1539.3837890625,1539.3837890625,10,10.0,,Hyperplane-gradual,OB,8,4.757432699203491
0.8699739947989598,0.7399512675229878,377.1195451990934,11944.326171875,11944.326171875,10,10.0,,Hyperplane-gradual,LB,8,20.58028292655945
0.8161632326465293,0.6323197708353726,214.5352417970571,23129.3447265625,23129.3447265625,10,10.0,,Hyperplane-gradual,ARF,8,8.00118899345398
0.7715543108621724,0.5431312731981286,274.81943579969084,5857.6298828125,5857.6298828125,10,10.0,,Hyperplane-gradual,SRP,8,16.245486974716187
0.8691738347669534,0.737231772092097,275.38124860093376,1372.9453125,457.64453125,6,2.32,1.0,Hyperplane-gradual,DSPP-Lite,9,4.595612287521362
0.8797759551910382,0.7592303542954886,276.85412559822,1905.8779296875,635.3310546875,6,2.24,1.0,Hyperplane-gradual,DSPP-Adaptive,9,5.204294919967651
0.8677735547109422,0.7343739009581575,187.80853420212225,1373.57421875,457.83984375,6,2.0,0.0,Hyperplane-gradual,StaticSPP-Lite,9,3.065255641937256
0.8785757151430286,0.7567974289588214,322.491935191465,1904.5732421875,634.8349609375,6,2.0,0.0,Hyperplane-gradual,StaticSPP-Adaptive,9,6.50648307800293
0.8691738347669534,0.737231772092097,201.2910803967316,1374.7578125,458.318359375,6,2.32,0.0,Hyperplane-gradual,StaticSPPFullSearch-Lite,9,3.2854995727539062
0.8797759551910382,0.7592303542954886,250.79986720138547,1906.6162109375,635.2900390625,6,2.24,0.0,Hyperplane-gradual,StaticSPPFullSearch-Adaptive,9,4.782618761062622
0.8957791558311662,0.7913715144563603,326.70923061068606,2830.498046875,2830.498046875,10,10.0,,Hyperplane-gradual,OB,9,6.598023891448975
0.864372874574915,0.7285216899292958,363.3151762040143,11147.609375,11147.609375,10,10.0,,Hyperplane-gradual,LB,9,19.351715564727783
0.8125625125025004,0.624946803455151,225.67096999373464,20409.8271484375,20409.8271484375,10,10.0,,Hyperplane-gradual,ARF,9,8.928164958953857
0.7773554710942189,0.5546240591302202,286.86214340032166,5653.697265625,5653.697265625,10,10.0,,Hyperplane-gradual,SRP,9,16.428988933563232
0.7333466693338667,0.4526366137870016,184.9141380043875,1146.4521484375,382.2138671875,6,2.32,0.0,RBF-incremental,DSPP-Lite,0,3.1841917037963867
0.7433486697339468,0.4743921212704798,242.25994019907372,1436.37109375,957.9404296875,6,2.6,0.0,RBF-incremental,DSPP-Adaptive,0,4.560306549072266
0.7335467093418684,0.4525033904712914,276.75017840119835,1145.9248046875,382.3154296875,6,2.0,0.0,RBF-incremental,StaticSPP-Lite,0,4.890133380889893
0.7413482696539307,0.4707656404889841,243.67569819951316,1436.65234375,478.7802734375,6,2.0,0.0,RBF-incremental,StaticSPP-Adaptive,0,4.694979667663574
0.7333466693338667,0.4526366137870016,185.7852260078289,1146.1845703125,382.1533203125,6,2.32,0.0,RBF-incremental,StaticSPPFullSearch-Lite,0,3.161811113357544
0.7433486697339468,0.4743921212704798,318.0402932010111,1436.4765625,957.7509765625,6,2.6,0.0,RBF-incremental,StaticSPPFullSearch-Adaptive,0,6.2064502239227295
0.7361472294458892,0.4617775407692219,248.55253400019137,2337.0908203125,2337.0908203125,10,10.0,,RBF-incremental,OB,0,5.345419406890869
0.7735547109421884,0.5368696832684356,329.5457322008588,10806.521484375,10806.521484375,10,10.0,,RBF-incremental,LB,0,19.21363353729248
0.781756351270254,0.5551468468120894,257.40537820674945,16305.435546875,16305.435546875,10,10.0,,RBF-incremental,ARF,0,8.641593933105469
0.7589517903580716,0.5072893637379294,263.48362519183866,6476.330078125,6476.330078125,10,10.0,,RBF-incremental,SRP,0,16.16339349746704
0.7433486697339468,0.4441080786863591,189.27079879249504,994.0341796875,382.0810546875,6,2.28,1.0,RBF-incremental,DSPP-Lite,1,3.220186710357666
0.7481496299259852,0.4401692512538225,356.0253644049226,1434.552734375,716.564453125,6,2.44,0.0,RBF-incremental,DSPP-Adaptive,1,6.665879487991333
0.742748549709942,0.4473904131337993,189.21578978752223,993.8251953125,381.7080078125,6,2.0,0.0,RBF-incremental,StaticSPP-Lite,1,3.2021546363830566
0.7483496699339868,0.4413961529811251,240.38912919768336,1433.79296875,476.8515625,6,2.0,0.0,RBF-incremental,StaticSPP-Adaptive,1,4.619983673095703
0.7433486697339468,0.4441080786863591,274.66531139561994,993.8193359375,381.9091796875,6,2.28,0.0,RBF-incremental,StaticSPPFullSearch-Lite,1,4.729155778884888
0.7481496299259852,0.4401692512538225,270.95095480108284,1433.966796875,716.26171875,6,2.44,0.0,RBF-incremental,StaticSPPFullSearch-Adaptive,1,5.058675050735474
0.7563512702540508,0.4572896920033242,238.66965020260977,1844.2099609375,1844.2099609375,10,10.0,,RBF-incremental,OB,1,4.942537546157837
0.7985597119423885,0.5516447774782505,373.81020059365255,11830.755859375,11830.755859375,10,10.0,,RBF-incremental,LB,1,21.215453147888184
0.8221644328865774,0.5982903541564205,207.2464987952117,15797.1396484375,15797.1396484375,10,10.0,,RBF-incremental,ARF,1,7.225171327590942
0.7945589117823565,0.5317295060577684,296.8929522021426,7481.53515625,7481.53515625,10,10.0,,RBF-incremental,SRP,1,18.36299014091492
0.656131226245249,0.3081995994241973,229.00615519702117,1373.9609375,533.9755859375,6,2.12,1.0,RBF-incremental,DSPP-Lite,2,4.064533472061157
0.7031406281256252,0.3895686530334962,252.49409700463733,1592.974609375,556.9130859375,6,2.4,1.0,RBF-incremental,DSPP-Adaptive,2,4.8225414752960205
0.6605321064212842,0.3183761492400001,218.3738733876453,1373.3515625,533.5478515625,6,2.0,0.0,RBF-incremental,StaticSPP-Lite,2,3.772030830383301
0.7021404280856172,0.3875476740792473,335.0870629958081,1592.412109375,556.3701171875,6,2.0,0.0,RBF-incremental,StaticSPP-Adaptive,2,6.318488359451294
0.656131226245249,0.3081995994241973,189.61686099191863,1373.2890625,533.7783203125,6,2.12,0.0,RBF-incremental,StaticSPPFullSearch-Lite,2,3.227743625640869
0.7031406281256252,0.3895686530334962,291.76829159387125,1592.5078125,556.3798828125,6,2.4,0.0,RBF-incremental,StaticSPPFullSearch-Adaptive,2,5.683535575866699
0.654130826165233,0.2875845868899066,292.633143999592,1385.345703125,1385.345703125,10,10.0,,RBF-incremental,OB,2,6.010716199874878
0.7789557911582317,0.5419666901298497,346.72699239163194,11794.796875,11794.796875,10,10.0,,RBF-incremental,LB,2,19.31041502952576
0.790758151630326,0.5630577037974789,249.3152310018559,16105.2236328125,16105.2236328125,10,10.0,,RBF-incremental,ARF,2,9.0271155834198
0.7643528705741148,0.5059272898306879,275.99914239835925,5973.6298828125,5973.6298828125,10,10.0,,RBF-incremental,SRP,2,16.74695587158203
0.73874774954991,0.4785379848849598,186.57699919986044,1146.3583984375,611.021484375,6,2.16,0.0,RBF-incremental,DSPP-Lite,3,3.212676763534546
0.7269453890778156,0.4540319345993845,332.68510639318265,1512.5927734375,478.4775390625,6,2.32,0.0,RBF-incremental,DSPP-Adaptive,3,6.3897013664245605
0.7403480696139227,0.4818828741210608,186.25472420226288,1145.5732421875,457.3828125,6,2.0,0.0,RBF-incremental,StaticSPP-Lite,3,3.218160390853882
0.7269453890778156,0.454087581868242,224.20558739795524,1512.7451171875,478.1630859375,6,2.0,0.0,RBF-incremental,StaticSPP-Adaptive,3,4.374664545059204
0.73874774954991,0.4785379848849598,244.91513340217355,1145.5322265625,610.802734375,6,2.16,0.0,RBF-incremental,StaticSPPFullSearch-Lite,3,4.284511089324951
0.7269453890778156,0.4540319345993845,286.04266419588384,1512.7119140625,478.2998046875,6,2.32,0.0,RBF-incremental,StaticSPPFullSearch-Adaptive,3,5.306441783905029
0.7441488297659532,0.4886012040711809,233.8651952009968,1730.7900390625,1730.7900390625,10,10.0,,RBF-incremental,OB,3,4.885188579559326
0.7585517103420684,0.5174530982149389,379.0976780106576,11604.5634765625,11604.5634765625,10,10.0,,RBF-incremental,LB,3,21.50483798980713
0.7805561112222444,0.5616469640118102,207.4472729989793,16740.26171875,16740.26171875,10,10.0,,RBF-incremental,ARF,3,7.651870250701904
0.7509501900380076,0.5020726322537628,296.3372786032778,5883.646484375,5883.646484375,10,10.0,,RBF-incremental,SRP,3,19.38673162460327
0.7795559111822364,0.5407475124960839,212.64346639181892,1221.517578125,610.765625,6,2.68,0.0,RBF-incremental,DSPP-Lite,4,3.5805752277374268
0.7789557911582317,0.5327777760391472,244.89365780973455,1743.2890625,708.9921875,6,2.2,0.0,RBF-incremental,DSPP-Adaptive,4,4.727326154708862
0.7715543108621724,0.5289351110747313,214.98500020679785,1221.609375,381.9619140625,6,2.0,0.0,RBF-incremental,StaticSPP-Lite,4,3.695100784301758
0.7771554310862172,0.5289291152804854,326.5044982021209,1742.87109375,633.41796875,6,2.0,0.0,RBF-incremental,StaticSPP-Adaptive,4,6.131370782852173
0.7795559111822364,0.5407475124960839,188.18007399804628,1221.16796875,610.271484375,6,2.68,0.0,RBF-incremental,StaticSPPFullSearch-Lite,4,3.203041076660156
0.7789557911582317,0.5327777760391472,274.3274934086003,1742.775390625,708.34765625,6,2.2,0.0,RBF-incremental,StaticSPPFullSearch-Adaptive,4,5.388065814971924
0.7915583116623325,0.5605047798127224,306.08002340595704,2299.5380859375,2299.5380859375,10,10.0,,RBF-incremental,OB,4,6.251350402832031
0.8425685137027406,0.666808213283368,304.9540801957846,13008.3515625,13008.3515625,10,10.0,,RBF-incremental,LB,4,19.04675769805908
0.8611722344468894,0.7007087289239975,252.3031039960188,16575.5126953125,16575.5126953125,10,10.0,,RBF-incremental,ARF,4,9.110873460769652
0.8391678335667133,0.6569313558155964,275.2051576044323,5174.4287109375,5174.4287109375,10,10.0,,RBF-incremental,SRP,4,16.875845670700073
0.7343468693738747,0.4684537027443683,191.43393019785435,1297.4248046875,686.6396484375,6,2.8,0.0,RBF-incremental,DSPP-Lite,5,3.258107185363769
0.7327465493098619,0.4655872570516183,352.7374269986467,1435.8876953125,478.8125,6,2.32,0.0,RBF-incremental,DSPP-Adaptive,5,6.846033334732056
0.7299459891978396,0.4595166679961213,193.8928852103345,1296.9541015625,457.72265625,6,2.0,0.0,RBF-incremental,StaticSPP-Lite,5,3.279526472091675
0.7333466693338667,0.4667636046693164,247.65907439359577,1436.3193359375,478.5439453125,6,2.0,0.0,RBF-incremental,StaticSPP-Adaptive,5,4.750921487808228
0.7343468693738747,0.4684537027443683,289.4488968006044,1297.3154296875,686.4072265625,6,2.8,0.0,RBF-incremental,StaticSPPFullSearch-Lite,5,5.021597623825073
0.7327465493098619,0.4655872570516183,257.4166901920762,1435.8935546875,478.66015625,6,2.32,0.0,RBF-incremental,StaticSPPFullSearch-Adaptive,5,4.791942119598389
0.7369473894778956,0.4740762110807549,235.6281277949165,1805.859375,1805.859375,10,10.0,,RBF-incremental,OB,5,4.879932641983032
0.7925585117023405,0.5851741428811607,381.3888232016325,10236.1025390625,10236.1025390625,10,10.0,,RBF-incremental,LB,5,21.064170360565186
0.8069613922784556,0.6138799080778313,204.1596520011808,13997.849609375,13997.849609375,10,10.0,,RBF-incremental,ARF,5,7.289292097091675
0.7791558311662332,0.5583554733263766,307.71132661047886,5153.4931640625,5153.4931640625,10,10.0,,RBF-incremental,SRP,5,19.451199054718018
0.8051610322064413,0.5521465485666835,193.1146361970605,1373.611328125,533.8857421875,6,2.08,1.0,RBF-incremental,DSPP-Lite,6,3.32411789894104
0.8371674334866973,0.6212257650024137,250.82632300727715,1702.7666015625,515.37109375,6,2.28,1.0,RBF-incremental,DSPP-Adaptive,6,4.697320461273193
0.8043608721744349,0.5521653974260023,218.2693665952684,1373.701171875,458.01953125,6,2.0,0.0,RBF-incremental,StaticSPP-Lite,6,3.832314968109131
0.8375675135027005,0.6214752623766447,320.0107460035724,1704.2548828125,594.5341796875,6,2.0,0.0,RBF-incremental,StaticSPP-Adaptive,6,5.953508138656616
0.8051610322064413,0.5521465485666835,184.1251808029483,1372.990234375,533.3896484375,6,2.08,0.0,RBF-incremental,StaticSPPFullSearch-Lite,6,3.167917966842652
0.8371674334866973,0.6212257650024137,291.7588267875544,1703.0791015625,516.0625,6,2.28,0.0,RBF-incremental,StaticSPPFullSearch-Adaptive,6,5.571534156799316
0.8181636327265454,0.5697288939157723,293.7073763954686,1079.71484375,1079.71484375,10,10.0,,RBF-incremental,OB,6,6.013875722885132
0.8869773954790958,0.7364196538315778,313.7224141975821,11838.9091796875,11838.9091796875,10,10.0,,RBF-incremental,LB,6,19.16700315475464
0.8891778355671134,0.7386039185542074,255.7837635938995,14426.796875,14426.796875,10,10.0,,RBF-incremental,ARF,6,8.569533824920654
0.8697739547909582,0.6929760664942146,258.91349999619706,5770.7646484375,5770.7646484375,10,10.0,,RBF-incremental,SRP,6,17.579519271850586
0.7731546309261852,0.5422856063224051,188.41000520005764,1297.4150390625,457.71875,6,2.24,0.0,RBF-incremental,DSPP-Lite,7,3.208948850631714
0.7861572314462892,0.5698132342259529,362.9169828005615,1437.0556640625,479.1875,6,2.4,0.0,RBF-incremental,DSPP-Adaptive,7,6.90178370475769
0.7767553510702141,0.549450073766062,191.9561218008312,1297.3935546875,458.068359375,6,2.0,0.0,RBF-incremental,StaticSPP-Lite,7,3.258810043334961
0.7849569913982797,0.5675113083206947,247.06362279976017,1437.4560546875,478.689453125,6,2.0,0.0,RBF-incremental,StaticSPP-Adaptive,7,4.833648443222046
0.7731546309261852,0.5422856063224051,298.3800447998874,1297.2451171875,457.73046875,6,2.24,0.0,RBF-incremental,StaticSPPFullSearch-Lite,7,5.118543148040772
0.7861572314462892,0.5698132342259529,256.00170200305,1438.0556640625,479.458984375,6,2.4,0.0,RBF-incremental,StaticSPPFullSearch-Adaptive,7,4.879802465438843
0.7767553510702141,0.550907854743885,237.5343424049788,1730.224609375,1730.224609375,10,10.0,,RBF-incremental,OB,7,4.898427724838257
0.8219643928785757,0.6412392864313746,379.5991993985808,11415.546875,11415.546875,10,10.0,,RBF-incremental,LB,7,21.29201889038086
0.8299659931986397,0.6566342324474287,201.6061692031144,16920.634765625,16920.634765625,10,10.0,,RBF-incremental,ARF,7,7.200662136077881
0.8033606721344269,0.6036991340041499,295.0529215991992,6659.388671875,6659.388671875,10,10.0,,RBF-incremental,SRP,7,17.53822612762451
0.7801560312062412,0.4105053403663366,236.6215786034445,1146.0830078125,382.2255859375,6,2.2,0.0,RBF-incremental,DSPP-Lite,8,3.991722583770752
0.8005601120224045,0.4875865763802436,251.1108363922176,1744.3544921875,872.8447265625,6,2.32,1.0,RBF-incremental,DSPP-Adaptive,8,4.806034088134766
0.7747549509901981,0.392292074270502,204.57042720554452,1145.8603515625,382.2099609375,6,2.0,0.0,RBF-incremental,StaticSPP-Lite,8,3.4860262870788574
0.8017603520704141,0.4933195314124445,349.1287968008692,1744.5068359375,632.3994140625,6,2.0,0.0,RBF-incremental,StaticSPP-Adaptive,8,6.5469701290130615
0.7801560312062412,0.4105053403663366,189.5646373935961,1145.6259765625,381.6494140625,6,2.2,0.0,RBF-incremental,StaticSPPFullSearch-Lite,8,3.2200753688812256
0.8005601120224045,0.4875865763802436,276.1614486003964,1744.9814453125,873.1708984375,6,2.32,0.0,RBF-incremental,StaticSPPFullSearch-Adaptive,8,5.37474799156189
0.7851570314062812,0.4471689491040388,305.8762734075572,1764.3466796875,1764.3466796875,10,10.0,,RBF-incremental,OB,8,6.270969390869141
0.8701740348069614,0.6636585819725369,325.9433517963771,13051.23046875,13051.23046875,10,10.0,,RBF-incremental,LB,8,19.397491455078125
0.877375475095019,0.6731241385791422,250.54352920305973,13698.083984375,13698.083984375,10,10.0,,RBF-incremental,ARF,8,8.603093385696411
0.845369073814763,0.5614374292300446,268.8723947991093,6315.7861328125,6315.7861328125,10,10.0,,RBF-incremental,SRP,8,17.202006101608276
0.7039407881576315,0.4061018068070494,190.84568160014896,993.5751953125,305.640625,6,2.4,1.0,RBF-incremental,DSPP-Lite,9,3.244626760482788
0.7043408681736347,0.4080234556136292,350.57735039736144,1666.1572265625,793.43359375,6,2.36,1.0,RBF-incremental,DSPP-Adaptive,9,6.7177510261535645
0.6973394678935787,0.3919475663108707,191.81517759534472,994.3896484375,306.06640625,6,2.0,0.0,RBF-incremental,StaticSPP-Lite,9,3.216989278793335
0.70374074814963,0.4067845690827985,242.1329753826285,1665.8544921875,555.5576171875,6,2.0,0.0,RBF-incremental,StaticSPP-Adaptive,9,4.692723035812378
0.7039407881576315,0.4061018068070494,265.5423923897615,993.5107421875,305.736328125,6,2.4,0.0,RBF-incremental,StaticSPPFullSearch-Lite,9,4.540776491165161
0.7043408681736347,0.4080234556136292,287.1686903974478,1666.4384765625,794.025390625,6,2.36,0.0,RBF-incremental,StaticSPPFullSearch-Adaptive,9,5.303739309310913
0.6969393878775755,0.3937607058661361,242.308899220734,1462.91015625,1462.91015625,10,10.0,,RBF-incremental,OB,9,4.971151828765869
0.762752550510102,0.5252873866927372,380.8741525841469,10919.921875,10919.921875,10,10.0,,RBF-incremental,LB,9,21.071568250656128
0.7569513902780556,0.5134534405162158,212.0320783848001,18473.8974609375,18473.8974609375,10,10.0,,RBF-incremental,ARF,9,7.913418531417847
0.74874974994999,0.4975342241240782,312.514759991609,7092.91796875,7092.91796875,10,10.0,,RBF-incremental,SRP,9,19.42270374298096
0.9972832880548008,0.0,109.7275928638131,692.72265625,230.703125,6,2.2133333333333334,3.0,CreditCard,DSPP-Lite,0,54.8332896232605
0.9972832880548008,0.0,161.08817470367285,728.7890625,242.912109375,6,2.223333333333333,3.0,CreditCard,DSPP-Adaptive,0,60.17071866989136
0.9972832880548008,0.0,108.78072283618772,691.865234375,230.62890625,6,2.22,0.0,CreditCard,StaticSPP-Lite,0,51.80061912536621
0.9972832880548008,0.0,158.00925685304415,728.712890625,242.732421875,6,2.2333333333333334,0.0,CreditCard,StaticSPP-Adaptive,0,59.34042310714722
0.9972832880548008,0.0,111.65781476817452,692.423828125,230.71484375,6,2.2133333333333334,0.0,CreditCard,StaticSPPFullSearch-Lite,0,53.55685257911682
0.9972832880548008,0.0,157.10285498334997,728.947265625,243.015625,6,2.223333333333333,0.0,CreditCard,StaticSPPFullSearch-Adaptive,0,59.24129891395569
0.9972666211103518,-3.313173116992734e-05,92.6930284307673,1166.2861328125,1166.2861328125,10,10.0,,CreditCard,OB,0,71.61755895614624
0.9972666211103518,-3.313173116992734e-05,109.11982278212236,1736.9052734375,1736.9052734375,10,10.0,,CreditCard,LB,0,343.2045795917511
0.9985333088884816,0.6416194293291522,128.4947946143499,1232.87890625,1232.87890625,10,10.0,,CreditCard,ARF,0,66.0636830329895
0.9975999599993334,0.216905692664807,149.42396776520278,1829.5869140625,1829.5869140625,10,10.0,,CreditCard,SRP,0,267.47746992111206
0.9972666211103518,-3.313173116992734e-05,111.2547068984289,692.548828125,231.16015625,6,2.2266666666666666,3.0,CreditCard,DSPP-Lite,1,53.464187145233154
0.9972832880548008,0.0,156.53178878225543,729.1611328125,243.0244140625,6,2.223333333333333,3.0,CreditCard,DSPP-Adaptive,1,59.36964511871338
0.9972666211103518,-3.313173116992734e-05,111.6852671856274,692.052734375,230.541015625,6,2.21,0.0,CreditCard,StaticSPP-Lite,1,53.64751577377319
0.9972832880548008,0.0,157.2189650808165,728.7998046875,242.9150390625,6,2.2333333333333334,0.0,CreditCard,StaticSPP-Adaptive,1,59.297611713409424
0.9972666211103518,-3.313173116992734e-05,109.62058488042506,692.41015625,230.6875,6,2.2266666666666666,0.0,CreditCard,StaticSPPFullSearch-Lite,1,52.62196946144104
0.9972832880548008,0.0,159.97838969845665,728.5947265625,242.8154296875,6,2.223333333333333,0.0,CreditCard,StaticSPPFullSearch-Adaptive,1,60.2067494392395
0.9972832880548008,0.0,92.8612630498416,1167.0498046875,1167.0498046875,10,10.0,,CreditCard,OB,1,71.60496759414673
0.9972499541659028,-6.586402133667474e-05,110.69669504701474,1737.6708984375,1737.6708984375,10,10.0,,CreditCard,LB,1,344.09860610961914
0.9982999716661944,0.5777634668791227,127.7948727139422,1388.365234375,1388.365234375,10,10.0,,CreditCard,ARF,1,75.26178789138794
0.9972666211103518,-3.313173116992734e-05,149.9716842142031,1763.171875,1763.171875,10,10.0,,CreditCard,SRP,1,275.6585433483124
0.9972832880548008,0.0,110.90932787468168,691.80859375,230.623046875,6,2.2266666666666666,3.0,CreditCard,DSPP-Lite,2,53.09505224227905
0.9972832880548008,0.0,159.4622258949736,729.03125,242.8486328125,6,2.223333333333333,3.0,CreditCard,DSPP-Adaptive,2,59.61258554458618
0.9972832880548008,0.0,108.4392232693972,692.98046875,231.01953125,6,2.21,0.0,CreditCard,StaticSPP-Lite,2,51.71700119972229
0.9972832880548008,0.0,161.88730974845384,729.46875,242.8076171875,6,2.2333333333333334,0.0,CreditCard,StaticSPP-Adaptive,2,60.63044190406799
0.9972832880548008,0.0,109.93804718218598,691.8984375,230.705078125,6,2.2266666666666666,0.0,CreditCard,StaticSPPFullSearch-Lite,2,52.421000480651855
0.9972832880548008,0.0,156.85846918674238,728.9609375,242.9462890625,6,2.223333333333333,0.0,CreditCard,StaticSPPFullSearch-Adaptive,2,59.19125413894653
0.9972666211103518,-3.313173116992734e-05,92.78919796206536,1166.0419921875,1166.0419921875,10,10.0,,CreditCard,OB,2,71.64664959907532
0.9972666211103518,-3.313173116992734e-05,109.20752977068938,1623.2529296875,1623.2529296875,10,10.0,,CreditCard,LB,2,342.9390034675598
0.9984999749995832,0.6334744163593609,128.37547338591926,1118.046875,1118.046875,10,10.0,,CreditCard,ARF,2,70.91638779640198
0.9980333005550092,0.4374111007314902,150.27790003444656,1557.7265625,1557.7265625,10,10.0,,CreditCard,SRP,2,269.15761494636536
0.9972832880548008,0.0,108.72696872687204,692.259765625,230.990234375,6,2.223333333333333,3.0,CreditCard,DSPP-Lite,3,51.7785120010376
0.9972832880548008,0.0,159.25000110783003,728.986328125,242.9072265625,6,2.223333333333333,3.0,CreditCard,DSPP-Adaptive,3,60.14246678352356
0.9972832880548008,0.0,111.3333965192093,692.90234375,230.9921875,6,2.21,0.0,CreditCard,StaticSPP-Lite,3,53.30327486991882
0.9972832880548008,0.0,157.61443254735545,728.38671875,242.8681640625,6,2.2333333333333334,0.0,CreditCard,StaticSPP-Adaptive,3,59.69178533554077
0.9972832880548008,0.0,112.74258801301282,692.57421875,230.5234375,6,2.223333333333333,0.0,CreditCard,StaticSPPFullSearch-Lite,3,53.93988585472107
0.9972832880548008,0.0,158.21914703304478,728.748046875,242.7724609375,6,2.223333333333333,0.0,CreditCard,StaticSPPFullSearch-Adaptive,3,59.64934015274048
0.9972832880548008,0.0,93.04013814741364,1167.041015625,1167.041015625,10,10.0,,CreditCard,OB,3,72.01456642150879
0.9972499541659028,-6.586402133667474e-05,111.03764681787044,1965.052734375,1965.052734375,10,10.0,,CreditCard,LB,3,344.7204804420471
0.9982833047217452,0.5646622881858138,128.5055526848737,887.5673828125,887.5673828125,10,10.0,,CreditCard,ARF,3,70.07098960876465
0.9972499541659028,-6.586402133667474e-05,145.66033941182468,1282.921875,1282.921875,10,10.0,,CreditCard,SRP,3,268.6933219432831
0.9972832880548008,0.0,109.22757456489003,692.244140625,230.705078125,6,2.22,3.0,CreditCard,DSPP-Lite,4,52.1785454750061
0.9972832880548008,0.0,157.20034380550106,728.6962890625,243.02734375,6,2.223333333333333,3.0,CreditCard,DSPP-Adaptive,4,59.17043399810791
0.9972832880548008,0.0,111.40877305248677,692.521484375,230.919921875,6,2.21,0.0,CreditCard,StaticSPP-Lite,4,53.355955839157104
0.9972832880548008,0.0,156.80170805038262,728.9267578125,243.01171875,6,2.2333333333333334,0.0,CreditCard,StaticSPP-Adaptive,4,59.13544654846192
0.9972832880548008,0.0,111.4533233940771,691.998046875,230.6484375,6,2.22,0.0,CreditCard,StaticSPPFullSearch-Lite,4,53.48847961425781
0.9972832880548008,0.0,155.72988528086475,729.4853515625,243.326171875,6,2.223333333333333,0.0,CreditCard,StaticSPPFullSearch-Adaptive,4,58.8974609375
0.9972666211103518,-3.313173116992734e-05,92.38388280406676,1167.65625,1167.65625,10,10.0,,CreditCard,OB,4,71.60722851753235
0.9972499541659028,-6.586402133667474e-05,109.21498011533306,1964.2568359375,1964.2568359375,10,10.0,,CreditCard,LB,4,342.96361112594604
0.9984499741662362,0.6227847615213028,126.32764698300888,982.9091796875,982.9091796875,10,10.0,,CreditCard,ARF,4,65.9630081653595
0.9976999616660278,0.2731229755962292,150.03323309717115,1898.9521484375,1898.9521484375,10,10.0,,CreditCard,SRP,4,269.78387784957886
0.9972832880548008,0.0,112.23581656795432,692.775390625,231.224609375,6,2.2133333333333334,3.0,CreditCard,DSPP-Lite,5,53.96191334724426
0.9972832880548008,0.0,156.71075788350208,728.681640625,242.8515625,6,2.223333333333333,3.0,CreditCard,DSPP-Adaptive,5,59.211939096450806
0.9972832880548008,0.0,111.1538446629614,691.60546875,230.765625,6,2.1966666666666668,0.0,CreditCard,StaticSPP-Lite,5,53.3531551361084
0.9972832880548008,0.0,159.21264603839518,729.029296875,242.818359375,6,2.2333333333333334,0.0,CreditCard,StaticSPP-Adaptive,5,59.39473485946655
0.9972832880548008,0.0,109.20907600223777,692.4375,230.72265625,6,2.2133333333333334,0.0,CreditCard,StaticSPPFullSearch-Lite,5,52.09678840637207
0.9972832880548008,0.0,160.5266853511845,729.173828125,243.298828125,6,2.223333333333333,0.0,CreditCard,StaticSPPFullSearch-Adaptive,5,60.16896843910217
0.9972832880548008,0.0,92.2783949771959,1166.87890625,1166.87890625,10,10.0,,CreditCard,OB,5,71.31059908866882
0.9972666211103518,-3.313173116992734e-05,110.5514502462332,1964.8291015625,1964.8291015625,10,10.0,,CreditCard,LB,5,343.2539176940918
0.9980666344439074,0.4991907045942926,126.94986526724584,715.6826171875,715.6826171875,10,10.0,,CreditCard,ARF,5,67.97946977615356
0.9972666211103518,-3.313173116992734e-05,147.8215093182674,1281.6962890625,1281.6962890625,10,10.0,,CreditCard,SRP,5,270.84604573249817
0.9972832880548008,0.0,120.1288178392133,578.248046875,230.853515625,6,2.2333333333333334,3.0,CreditCard,DSPP-Lite,6,57.244149923324585
0.9972832880548008,0.0,159.11120751995136,728.7666015625,242.8349609375,6,2.223333333333333,3.0,CreditCard,DSPP-Adaptive,6,59.75083041191101
0.9972832880548008,0.0,108.84386949862044,578.083984375,230.666015625,6,2.21,0.0,CreditCard,StaticSPP-Lite,6,51.88383603096008
0.9972832880548008,0.0,161.80100451401813,728.8701171875,242.8115234375,6,2.2333333333333334,0.0,CreditCard,StaticSPP-Adaptive,6,60.5624680519104
0.9972832880548008,0.0,110.228008096783,577.91796875,231.1171875,6,2.2333333333333334,0.0,CreditCard,StaticSPPFullSearch-Lite,6,52.62500429153442
0.9972832880548008,0.0,157.4490505007816,729.3544921875,243.2509765625,6,2.223333333333333,0.0,CreditCard,StaticSPPFullSearch-Adaptive,6,59.49451756477356
0.9972832880548008,0.0,93.1157836150002,1167.03125,1167.03125,10,10.0,,CreditCard,OB,6,72.10630083084106
0.9972666211103518,-3.313173116992734e-05,109.17860137424212,1509.345703125,1509.345703125,10,10.0,,CreditCard,LB,6,343.31609416008
0.99838330638844,0.6065604501888863,123.94576989360456,945.2490234375,945.2490234375,10,10.0,,CreditCard,ARF,6,69.6449203491211
0.9972832880548008,0.0120561464516484,150.39136201906635,1898.390625,1898.390625,10,10.0,,CreditCard,SRP,6,278.08058738708496
0.9972832880548008,0.0,113.72813043244604,692.544921875,230.71875,6,2.2333333333333334,3.0,CreditCard,DSPP-Lite,7,53.9780216217041
0.9972832880548008,0.0,157.97129653398468,614.6953125,243.125,6,2.223333333333333,3.0,CreditCard,DSPP-Adaptive,7,60.12818574905396
0.9972832880548008,0.0,111.43564573064091,692.064453125,230.65625,6,2.21,0.0,CreditCard,StaticSPP-Lite,7,53.42594122886658
0.9972832880548008,0.0,157.22495337079937,614.9921875,243.0078125,6,2.2333333333333334,0.0,CreditCard,StaticSPP-Adaptive,7,59.47785687446594
0.9972832880548008,0.0,114.05218996727248,692.576171875,230.775390625,6,2.2333333333333334,0.0,CreditCard,StaticSPPFullSearch-Lite,7,54.194212436676025
0.9972832880548008,0.0,158.80861296879326,614.607421875,243.091796875,6,2.223333333333333,0.0,CreditCard,StaticSPPFullSearch-Adaptive,7,59.92347645759583
0.9972832880548008,0.0,93.1678076686391,1166.7587890625,1166.7587890625,10,10.0,,CreditCard,OB,7,72.7078115940094
0.9972666211103518,-3.313173116992734e-05,110.69147180775568,2192.3193359375,2192.3193359375,10,10.0,,CreditCard,LB,7,344.40033173561096
0.9982999716661944,0.5633827556144139,129.57360148920998,812.3193359375,812.3193359375,10,10.0,,CreditCard,ARF,7,71.92654633522034
0.9981333022217036,0.508009835867286,150.59425969484437,2172.12890625,2172.12890625,10,10.0,,CreditCard,SRP,7,266.78873586654663
0.9972832880548008,0.0,113.36836516068918,693.20703125,231.314453125,6,2.22,3.0,CreditCard,DSPP-Lite,8,54.269917249679565
0.9972832880548008,0.0,157.893500788911,728.251953125,242.6484375,6,2.223333333333333,3.0,CreditCard,DSPP-Adaptive,8,59.68055415153504
0.9972832880548008,0.0,112.16266725035288,691.974609375,230.67578125,6,2.21,0.0,CreditCard,StaticSPP-Lite,8,53.714792251586914
0.9972832880548008,0.0,157.0218306024496,728.736328125,243.1015625,6,2.2333333333333334,0.0,CreditCard,StaticSPP-Adaptive,8,59.34002232551575
0.9972832880548008,0.0,112.36706258981334,692.240234375,230.5390625,6,2.22,0.0,CreditCard,StaticSPPFullSearch-Lite,8,53.94235253334045
0.9972832880548008,0.0,156.68788734231686,729.064453125,243.201171875,6,2.223333333333333,0.0,CreditCard,StaticSPPFullSearch-Adaptive,8,59.64516592025757
0.9972832880548008,0.0,92.61950116142545,1167.5009765625,1167.5009765625,10,10.0,,CreditCard,OB,8,72.07253432273865
0.9972666211103518,-3.313173116992734e-05,108.8396360940654,1737.232421875,1737.232421875,10,10.0,,CreditCard,LB,8,343.94316577911377
0.9985166419440324,0.6475400957875275,127.70608582092488,1231.3134765625,1231.3134765625,10,10.0,,CreditCard,ARF,8,67.84895300865173
0.9977999633327224,0.325913950800794,148.6244748099125,1625.8662109375,1625.8662109375,10,10.0,,CreditCard,SRP,8,267.21461963653564
0.9972832880548008,0.0,111.34707391653744,692.416015625,230.88671875,6,2.243333333333333,3.0,CreditCard,DSPP-Lite,9,53.51819586753845
0.9972832880548008,0.0,157.43759214201418,614.4140625,242.98828125,6,2.223333333333333,3.0,CreditCard,DSPP-Adaptive,9,59.5596239566803
0.9972832880548008,0.0,110.96267143796771,692.82421875,230.673828125,6,2.223333333333333,0.0,CreditCard,StaticSPP-Lite,9,53.41708540916443
0.9972832880548008,0.0,157.78542305506562,614.8984375,243.029296875,6,2.2333333333333334,0.0,CreditCard,StaticSPP-Adaptive,9,59.02275609970093
0.9972832880548008,0.0,107.7874176861466,692.12890625,230.724609375,6,2.243333333333333,0.0,CreditCard,StaticSPPFullSearch-Lite,9,51.41910457611084
0.9972832880548008,0.0,160.5988478600314,614.830078125,242.859375,6,2.223333333333333,0.0,CreditCard,StaticSPPFullSearch-Adaptive,9,60.31136345863342
0.9972832880548008,0.0,92.24316493370377,1053.1533203125,1053.1533203125,10,10.0,,CreditCard,OB,9,71.43889355659485
0.9972666211103518,-3.313173116992734e-05,106.976812665683,1508.576171875,1508.576171875,10,10.0,,CreditCard,LB,9,341.2738847732544
0.9985166419440324,0.6418982658936457,127.24900459634227,1232.04296875,1232.04296875,10,10.0,,CreditCard,ARF,9,73.01618933677673
0.9972666211103518,-3.313173116992734e-05,148.77954688399768,1487.4462890625,1487.4462890625,10,10.0,,CreditCard,SRP,9,269.6623091697693
0.8686949559647719,0.7316575357181223,176.996043996769,895.099609375,481.7841796875,6,2.333333333333333,0.0,Phishing,DSPP-Lite,0,0.8890054225921631
0.8799039231385108,0.7562476581040011,377.1180887852097,908.3505859375,325.4765625,6,2.0,0.0,Phishing,DSPP-Adaptive,0,1.7684013843536377
0.8670936749399519,0.7279431254248141,261.9888055458432,894.6171875,343.69921875,6,2.0,0.0,Phishing,StaticSPP-Lite,0,1.299903154373169
0.8807045636509208,0.7581165687310482,337.0617984212004,907.7783203125,325.220703125,6,2.0,0.0,Phishing,StaticSPP-Adaptive,0,1.490347146987915
0.8686949559647719,0.7316575357181223,164.198399981251,895.41015625,481.7744140625,6,2.333333333333333,0.0,Phishing,StaticSPPFullSearch-Lite,0,0.7801728248596191
0.8799039231385108,0.7562476581040011,211.7091703752521,908.3095703125,325.451171875,6,2.0,0.0,Phishing,StaticSPPFullSearch-Adaptive,0,0.9947361946105956
0.88871096877502,0.7741683717868836,188.46289438952223,1452.7958984375,1452.7958984375,10,10.0,,Phishing,OB,0,1.1269645690917969
0.8967173738991193,0.7899918275628802,156.45662564202212,3604.01171875,3604.01171875,10,10.0,,Phishing,LB,0,3.876493215560913
0.909527622097678,0.8163361975293218,169.23205765197054,3678.8447265625,3678.8447265625,10,10.0,,Phishing,ARF,0,1.4224228858947754
0.8959167333867094,0.7885774256889432,228.26597682142165,2033.826171875,2033.826171875,10,10.0,,Phishing,SRP,0,4.130594491958618
0.8751000800640513,0.7442280529491144,293.97762405569665,690.37890625,207.0283203125,6,2.0,0.0,Phishing,DSPP-Lite,1,1.3456051349639893
0.8839071257005604,0.7651777714676178,250.82203836354893,1047.8857421875,361.193359375,6,2.1666666666666665,0.0,Phishing,DSPP-Adaptive,1,1.155148983001709
0.8751000800640513,0.7442280529491144,179.70106558932457,689.521484375,206.9326171875,6,2.0,0.0,Phishing,StaticSPP-Lite,1,0.7860803604125977
0.8839071257005604,0.765083347061288,209.5241112197982,1047.3798828125,360.841796875,6,2.0,0.0,Phishing,StaticSPP-Adaptive,1,1.0177350044250488
0.8751000800640513,0.7442280529491144,184.16170874261297,689.865234375,207.2978515625,6,2.0,0.0,Phishing,StaticSPPFullSearch-Lite,1,0.8001339435577393
0.8839071257005604,0.7651777714676178,217.8983559948392,1047.6005859375,360.5546875,6,2.1666666666666665,0.0,Phishing,StaticSPPFullSearch-Adaptive,1,1.0402109622955322
0.8807045636509208,0.7570397389986332,191.65573279897217,1180.62109375,1180.62109375,10,10.0,,Phishing,OB,1,1.1172349452972412
0.900720576461169,0.7983353906571458,168.62600243184716,3982.25,3982.25,10,10.0,,Phishing,LB,1,4.85650897026062
0.8919135308246597,0.779600623755789,282.8351431991905,3436.2900390625,3436.2900390625,10,10.0,,Phishing,ARF,1,2.4162797927856445
0.8951160928742994,0.7858706761957982,194.8917311761761,2016.4736328125,2016.4736328125,10,10.0,,Phishing,SRP,1,3.642204999923706
0.877502001601281,0.7497069390289105,158.96841044304892,759.275390625,310.1240234375,6,2.1666666666666665,0.0,Phishing,DSPP-Lite,2,0.7849469184875488
0.8831064851881505,0.7636058169712651,215.7517904182896,1012.9296875,395.986328125,6,2.0,0.0,Phishing,DSPP-Adaptive,2,1.032603740692139
0.8751000800640513,0.7447474120245553,154.78853679378517,758.8779296875,309.865234375,6,2.0,0.0,Phishing,StaticSPP-Lite,2,0.7693960666656494
0.8815052041633307,0.7602712012117943,214.9931727646617,1012.736328125,395.77734375,6,2.0,0.0,Phishing,StaticSPP-Adaptive,2,1.0190110206604004
0.877502001601281,0.7497069390289105,154.51323917659465,758.7158203125,309.9296875,6,2.1666666666666665,0.0,Phishing,StaticSPPFullSearch-Lite,2,0.7675089836120605
0.8831064851881505,0.7636058169712651,211.24028554477263,1012.474609375,395.671875,6,2.0,0.0,Phishing,StaticSPPFullSearch-Adaptive,2,1.00304913520813
0.877502001601281,0.7510211420374373,182.0539023523452,1248.126953125,1248.126953125,10,10.0,,Phishing,OB,2,1.1039044857025146
0.900720576461169,0.7984167601633743,227.3379320889944,3639.6357421875,3639.6357421875,10,10.0,,Phishing,LB,2,5.620015859603882
0.9031224979983988,0.8030951515459471,179.27018952614162,4564.80859375,4564.80859375,10,10.0,,Phishing,ARF,2,1.5743379592895508
0.900720576461169,0.7980092546703742,164.2923191888258,2225.375,2225.375,10,10.0,,Phishing,SRP,2,3.0466620922088623
0.8734987990392313,0.7421033510280998,166.35132324008737,758.3916015625,275.279296875,6,2.833333333333333,0.0,Phishing,DSPP-Lite,3,0.7939975261688232
0.8831064851881505,0.7636058169712651,204.42733603122176,942.0087890625,360.52734375,6,2.0,0.0,Phishing,DSPP-Adaptive,3,0.990699052810669
0.8686949559647719,0.7313302063986737,161.5860759979114,758.5087890625,275.892578125,6,2.0,0.0,Phishing,StaticSPP-Lite,3,0.770399808883667
0.8831064851881505,0.7636058169712651,205.709494362236,942.3271484375,360.65625,6,2.0,0.0,Phishing,StaticSPP-Adaptive,3,0.9887282848358154
0.8734987990392313,0.7421033510280998,157.5335760251619,757.8369140625,275.46484375,6,2.833333333333333,0.0,Phishing,StaticSPPFullSearch-Lite,3,0.7541279792785645
0.8831064851881505,0.7636058169712651,211.9256200268865,941.6376953125,360.65625,6,2.0,0.0,Phishing,StaticSPPFullSearch-Adaptive,3,1.0027084350585938
0.8967173738991193,0.790415251514446,346.90652482095174,1282.1611328125,1282.1611328125,10,10.0,,Phishing,OB,3,1.905672311782837
0.8959167333867094,0.7890032720931262,216.09993352321908,3500.8818359375,3500.8818359375,10,10.0,,Phishing,LB,3,4.86940860748291
0.9023218574859888,0.8015880456465466,167.24395602359436,3715.5283203125,3715.5283203125,10,10.0,,Phishing,ARF,3,1.5787632465362549
0.8983186549239391,0.7926613275332236,162.2196144424379,2205.21484375,2205.21484375,10,10.0,,Phishing,SRP,3,3.0052764415740967
0.8767013610888711,0.7480198811011636,179.09992800559849,689.9697265625,207.1103515625,6,2.5,0.0,Phishing,DSPP-Lite,4,0.7833395004272461
0.8839071257005604,0.7647048888323006,207.74169359065127,1014.3154296875,360.921875,6,2.333333333333333,0.0,Phishing,DSPP-Adaptive,4,0.9991226196289062
0.8751000800640513,0.7433926680609186,175.988116019289,689.80859375,207.1337890625,6,2.0,0.0,Phishing,StaticSPP-Lite,4,0.7967441082000732
0.8823058446757406,0.7615554744591904,246.1162895400776,1013.7099609375,360.42578125,6,2.0,0.0,Phishing,StaticSPP-Adaptive,4,1.2842769622802734
0.8767013610888711,0.7480198811011636,289.6621223742841,689.625,206.8095703125,6,2.5,0.0,Phishing,StaticSPPFullSearch-Lite,4,1.330174446105957
0.8839071257005604,0.7647048888323006,373.32390239462256,1014.3837890625,361.16796875,6,2.333333333333333,0.0,Phishing,StaticSPPFullSearch-Adaptive,4,1.7589867115020752
0.8823058446757406,0.7610745224496488,239.5000120392069,1213.876953125,1213.876953125,10,10.0,,Phishing,OB,4,1.3815345764160156
0.9055244195356285,0.8080933556253482,156.99758313421626,3947.408203125,3947.408203125,10,10.0,,Phishing,LB,4,3.780877113342285
0.900720576461169,0.7983353906571458,170.46614239225164,4422.111328125,4422.111328125,10,10.0,,Phishing,ARF,4,1.3923454284667969
0.8967173738991193,0.7894814549626121,164.70807915611658,2207.09765625,2207.09765625,10,10.0,,Phishing,SRP,4,3.0457022190093994
0.8871096877502002,0.7703633966746772,166.5298391948454,757.7138671875,618.8408203125,6,3.1666666666666665,0.0,Phishing,DSPP-Lite,5,0.7706167697906494
0.8839071257005604,0.7647996176638272,345.9578464593505,1048.7763671875,290.46875,6,2.1666666666666665,0.0,Phishing,DSPP-Adaptive,5,1.6533606052398682
0.8823058446757406,0.7601067742597206,282.40020404045936,757.9521484375,275.9130859375,6,2.0,0.0,Phishing,StaticSPP-Lite,5,1.3216125965118408
0.8847077662129704,0.7663746609720361,391.2387008720543,1047.4580078125,325.935546875,6,2.0,0.0,Phishing,StaticSPP-Adaptive,5,1.7626619338989258
0.8871096877502002,0.7703633966746772,168.97950165439397,757.7841796875,618.8818359375,6,3.1666666666666665,0.0,Phishing,StaticSPPFullSearch-Lite,5,0.7779507637023926
0.8839071257005604,0.7647996176638272,223.00963999005037,1048.9326171875,290.345703125,6,2.1666666666666665,0.0,Phishing,StaticSPPFullSearch-Adaptive,5,1.027228593826294
0.8799039231385108,0.7560508757949344,188.9865887875203,1384.5419921875,1384.5419921875,10,10.0,,Phishing,OB,5,1.130561113357544
0.8935148118494796,0.7838293298353965,167.45443358377088,3571.6611328125,3571.6611328125,10,10.0,,Phishing,LB,5,3.7744104862213135
0.9063250600480384,0.809604402734511,167.64963999739848,4875.1123046875,4875.1123046875,10,10.0,,Phishing,ARF,5,1.469609260559082
0.899919935948759,0.796421450952728,228.3142584405141,2033.4091796875,2033.4091796875,10,10.0,,Phishing,SRP,5,4.198920249938965
0.8807045636509208,0.7574324209834818,248.59909597144,894.8955078125,344.1015625,6,2.5,0.0,Phishing,DSPP-Lite,6,1.2904372215270996
0.8831064851881505,0.7622683030487916,286.6752208181424,906.6455078125,325.1640625,6,2.333333333333333,0.0,Phishing,DSPP-Adaptive,6,1.266491174697876
0.8718975180144115,0.7383087495809587,160.22551674977876,894.8759765625,207.0419921875,6,2.0,0.0,Phishing,StaticSPP-Lite,6,0.7686653137207031
0.8759007205764612,0.7482748711760783,212.65998478629623,906.7001953125,325.34765625,6,2.0,0.0,Phishing,StaticSPP-Adaptive,6,1.0007870197296145
0.8807045636509208,0.7574324209834818,155.8585351536749,895.5068359375,344.216796875,6,2.5,0.0,Phishing,StaticSPPFullSearch-Lite,6,0.7703273296356201
0.8831064851881505,0.7622683030487916,218.1684688432142,906.9443359375,325.5390625,6,2.333333333333333,0.0,Phishing,StaticSPPFullSearch-Adaptive,6,1.0063328742980957
0.8839071257005604,0.7643252092190412,181.84616160579023,1316.228515625,1316.228515625,10,10.0,,Phishing,OB,6,1.0959086418151855
0.8975180144115292,0.79149342417587,171.23564393841662,4527.228515625,4527.228515625,10,10.0,,Phishing,LB,6,3.849035263061523
0.899919935948759,0.796174277683417,213.97435124672484,4174.970703125,4174.970703125,10,10.0,,Phishing,ARF,6,1.8004608154296875
0.9031224979983988,0.8026967007975477,244.671932811616,2281.697265625,2281.697265625,10,10.0,,Phishing,SRP,6,4.454872369766235
0.8823058446757406,0.7595223531846396,146.3228496024385,928.7587890625,447.341796875,6,2.333333333333333,0.0,Phishing,DSPP-Lite,7,0.7620832920074463
0.8823058446757406,0.761267135889571,230.9533952618949,906.58203125,289.9365234375,6,2.5,0.0,Phishing,DSPP-Adaptive,7,1.0216774940490725
0.8751000800640513,0.7440197170664032,149.29844637808856,929.1162109375,206.9130859375,6,2.0,0.0,Phishing,StaticSPP-Lite,7,0.7604451179504395
0.8799039231385108,0.7564441231988436,219.58375037938825,906.376953125,289.6943359375,6,2.0,0.0,Phishing,StaticSPP-Adaptive,7,1.0132036209106443
0.8823058446757406,0.7595223531846396,147.2560096444795,928.9365234375,447.62890625,6,2.333333333333333,0.0,Phishing,StaticSPPFullSearch-Lite,7,0.7612745761871338
0.8823058446757406,0.761267135889571,231.32297432166524,906.65234375,290.2412109375,6,2.5,0.0,Phishing,StaticSPPFullSearch-Adaptive,7,1.0340194702148438
0.8847077662129704,0.7659033343832733,188.5312303726096,1385.3310546875,1385.3310546875,10,10.0,,Phishing,OB,7,1.11104154586792
0.8983186549239391,0.7933312747631015,196.33483199577316,3741.2685546875,3741.2685546875,10,10.0,,Phishing,LB,7,4.758706092834473
0.899919935948759,0.7969140034054708,268.58276160492096,4598.3837890625,4598.3837890625,10,10.0,,Phishing,ARF,7,2.223281145095825
0.8975180144115292,0.791240216343831,165.98048649320845,2205.7529296875,2205.7529296875,10,10.0,,Phishing,SRP,7,3.0563225746154785
0.8815052041633307,0.7589142717033497,170.44994960015174,690.4775390625,241.494140625,6,2.333333333333333,0.0,Phishing,DSPP-Lite,8,0.7744762897491455
0.8791032826261009,0.755362657974169,218.4977239696309,977.3671875,395.8310546875,6,2.5,0.0,Phishing,DSPP-Adaptive,8,1.0131864547729492
0.8815052041633307,0.7585237515479917,179.13710399297997,690.3564453125,241.740234375,6,2.0,0.0,Phishing,StaticSPP-Lite,8,0.7901859283447266
0.8783026421136909,0.7536930218558391,207.81202236830725,977.306640625,396.0029296875,6,2.0,0.0,Phishing,StaticSPP-Adaptive,8,0.9989893436431884
0.8815052041633307,0.7589142717033497,171.07279996562283,690.4755859375,241.333984375,6,2.333333333333333,0.0,Phishing,StaticSPPFullSearch-Lite,8,0.7639656066894531
0.8791032826261009,0.755362657974169,219.99632005463357,977.27734375,395.6318359375,6,2.5,0.0,Phishing,StaticSPPFullSearch-Adaptive,8,1.0150489807128906
0.8807045636509208,0.7572362387864225,195.324224838987,1248.490234375,1248.490234375,10,10.0,,Phishing,OB,8,1.129164218902588
0.9031224979983988,0.803254081596786,250.8342047658516,3638.861328125,3638.861328125,10,10.0,,Phishing,LB,8,5.690287828445435
0.9023218574859888,0.8015079238951748,176.8969704542542,4710.7548828125,4710.7548828125,10,10.0,,Phishing,ARF,8,1.665029764175415
0.8983186549239391,0.7927453083740444,163.2271608483279,2129.6455078125,2129.6455078125,10,10.0,,Phishing,SRP,8,3.048893451690674
0.8751000800640513,0.7454709813613967,153.3159793005325,825.63671875,275.30078125,6,2.6666666666666665,0.0,Phishing,DSPP-Lite,9,0.765472412109375
0.8783026421136909,0.7533954754704825,241.9388879498001,1011.8857421875,290.05078125,6,2.833333333333333,0.0,Phishing,DSPP-Adaptive,9,1.0499577522277832
0.8718975180144115,0.7386270596328955,152.04726392985322,826.3828125,275.30859375,6,2.0,0.0,Phishing,StaticSPP-Lite,9,0.7611968517303467
0.8807045636509208,0.7581165687310482,226.88405831577256,1012.2080078125,290.314453125,6,2.1666666666666665,0.0,Phishing,StaticSPP-Adaptive,9,1.0344111919403076
0.8751000800640513,0.7454709813613967,155.29003597330302,826.279296875,275.4453125,6,2.6666666666666665,0.0,Phishing,StaticSPPFullSearch-Lite,9,0.8231589794158936
0.8783026421136909,0.7533954754704825,434.9692392919678,1011.2001953125,289.822265625,6,2.833333333333333,0.0,Phishing,StaticSPPFullSearch-Adaptive,9,1.868494272232056
0.8807045636509208,0.7573343695356518,328.0123568663839,1281.7080078125,1281.7080078125,10,10.0,,Phishing,OB,9,1.9009895324707031
0.9039231385108086,0.8048407006359474,176.35453515104018,4151.2177734375,4151.2177734375,10,10.0,,Phishing,LB,9,4.000057697296143
0.9071257005604484,0.8115741860640537,163.93514713272452,3163.09765625,3163.09765625,10,10.0,,Phishing,ARF,9,1.4056618213653564
0.8943154523618895,0.7848035837353549,161.87761758628767,2339.580078125,2339.580078125,10,10.0,,Phishing,SRP,9,3.049574851989746
0.9997039626711025,0.9603779614374465,83.84998070199053,82.767578125,82.767578125,2,2.003524850193867,3,HTTP,DSPP-Lite,0,174.26749467849731
0.9996828171476099,0.957646925645826,118.28045436077055,67.2431640625,67.2431640625,2,2.00105745505816,3,HTTP,DSPP-Adaptive,0,206.80298137664795
0.9961039441618194,0.0,94.08037912761478,76.10546875,25.28515625,6,2.0038773352132533,0,HTTP,StaticSPP-Lite,0,233.40634155273438
0.9961039441618194,0.0,140.56289714783722,113.7900390625,37.9619140625,6,2.0049347902714136,0,HTTP,StaticSPP-Adaptive,0,285.6108031272888
0.9961039441618194,0.0,93.22321084811448,76.01953125,25.392578125,6,2.0063447303489603,0,HTTP,StaticSPPFullSearch-Lite,0,231.08948302268982
0.9961039441618194,0.0,140.6400072590517,113.9052734375,37.9736328125,6,2.0038773352132533,0,HTTP,StaticSPPFullSearch-Adaptive,0,285.5605080127716
0.9961039441618194,0.0,85.67491058268791,141.6181640625,141.6181640625,10,10,,HTTP,OB,0,254.7496304512024
0.9961004199141141,-7.042174910061528e-06,95.04143111530401,188.69921875,188.69921875,10,10,,HTTP,LB,0,930.4144468307495
0.9997462541652202,0.9668148163915086,106.79233180688566,188.1953125,188.1953125,10,10,,HTTP,ARF,0,364.5828146934509
0.9998414088532627,0.9792592602446965,103.77673872740797,158.580078125,158.580078125,10,10,,HTTP,SRP,0,914.1888129711151
0.9990590258626918,0.8625431218946117,78.97078347970704,71.724609375,71.724609375,2,2.00105745505816,3,HTTP,DSPP-Lite,1,163.609112739563
0.999700438417187,0.9599998742210488,119.87308948875082,96.59375,96.59375,2,2.00105745505816,2,HTTP,DSPP-Adaptive,1,212.21780967712402
0.9961427108865774,0.019629170847433017,94.03564446174605,76.123046875,25.388671875,6,2.0014099400775467,0,HTTP,StaticSPP-Lite,1,232.94608783721924
0.9961039441618194,0.0,140.61189041447366,113.662109375,37.8671875,6,2.0049347902714136,0,HTTP,StaticSPP-Adaptive,1,285.927533864975
0.9960510804462402,0.019008465788380374,93.14902194126235,76.03515625,25.33984375,6,2.0281988015509342,0,HTTP,StaticSPPFullSearch-Lite,1,230.56638932228088
0.9961039441618194,0.0,140.88320655060707,113.716796875,37.94921875,6,2.0038773352132533,0,HTTP,StaticSPPFullSearch-Adaptive,1,285.6386921405792
0.9975048326246658,0.5323008201153407,84.18883139904852,141.6416015625,141.6416015625,10,10,,HTTP,OB,1,249.803719997406
0.9961021820379667,-3.5226668971919684e-06,91.60130473161637,130.4931640625,130.4931640625,10,10,,HTTP,LB,1,916.5933890342712
0.9997797345184204,0.9712525766900072,100.08514523338513,227.7197265625,227.7197265625,10,10,,HTTP,ARF,1,335.64059042930603
0.9997110116881676,0.9624632542476486,102.0230778630891,150.0869140625,150.0869140625,10,10,,HTTP,SRP,1,895.5504901409149
0.99903259230021,0.858065642737734,77.77327250742685,71.513671875,71.513671875,2,2.0007049700387736,4,HTTP,DSPP-Lite,2,160.82412242889404
0.9997057247980603,0.960678218339983,118.52613315807933,107.220703125,107.220703125,2,2.00105745505816,3,HTTP,DSPP-Adaptive,2,209.56986117362976
0.9961215654003457,0.008970183633458646,92.65862009693251,75.908203125,25.3046875,6,2.0014099400775467,0,HTTP,StaticSPP-Lite,2,229.8476357460022
0.9961039441618194,0.0,139.78976826462886,113.7685546875,37.8935546875,6,2.0049347902714136,0,HTTP,StaticSPP-Adaptive,2,283.49186158180237
0.9961039441618194,0.026219608836009326,92.90131006069153,75.890625,25.28515625,6,2.0211491011632003,0,HTTP,StaticSPPFullSearch-Lite,2,229.45813918113708
0.9961039441618194,0.0,141.06982569906955,113.5791015625,37.8291015625,6,2.0038773352132533,0,HTTP,StaticSPPFullSearch-Adaptive,2,285.9242160320282
0.9961039441618194,0.0,84.11097678750826,141.60546875,141.60546875,10,10,,HTTP,OB,2,250.4616756439209
0.9961021820379667,-3.5226668971919684e-06,91.49074669204705,141.5859375,141.5859375,10,10,,HTTP,LB,2,911.1907203197479
0.9997603511560413,0.9687584480752227,102.07440836802449,203.10546875,203.10546875,10,10,,HTTP,ARF,2,350.00505471229553
0.9996510994771779,0.9548044125181917,103.34981268002552,141.7353515625,141.7353515625,10,10,,HTTP,SRP,2,910.9442880153656
0.9988123285233226,0.8200721336108998,78.57695499174443,60.1328125,60.1328125,2,2.0014099400775467,4,HTTP,DSPP-Lite,3,162.05655121803284
0.9996986762902293,0.9597363792582977,118.27747344936266,67.130859375,67.130859375,2,2.00105745505816,3,HTTP,DSPP-Adaptive,3,206.8968403339386
0.9962449140700304,0.07439707298022952,91.72710166857286,75.98828125,25.380859375,6,2.0024673951357066,0,HTTP,StaticSPP-Lite,3,228.4386432170868
0.9961039441618194,0.0,140.2692729184148,113.6962890625,37.923828125,6,2.0049347902714136,0,HTTP,StaticSPP-Adaptive,3,286.16466450691223
0.9962484383177356,0.100087069437918,92.50841239197216,75.888671875,25.365234375,6,2.021501586182587,0,HTTP,StaticSPPFullSearch-Lite,3,229.73749256134033
0.9961039441618194,0.0,139.78814570851597,113.9189453125,37.939453125,6,2.0038773352132533,0,HTTP,StaticSPPFullSearch-Adaptive,3,284.5876567363739
0.9964087915883256,0.14536236354419585,86.79094059664223,141.6474609375,141.6474609375,10,10,,HTTP,OB,3,255.88819980621338
0.9961021820379667,-3.5226668971919684e-06,92.39856099724294,165.2880859375,165.2880859375,10,10,,HTTP,LB,3,927.4443638324738
0.9997409677936624,0.9660380363700647,100.55067713511995,212.4228515625,212.4228515625,10,10,,HTTP,ARF,3,340.5993275642395
0.9997797345184204,0.971239451102476,103.34548421240748,157.9228515625,157.9228515625,10,10,,HTTP,SRP,3,911.2734048366547
0.99848985985829,0.7595649090863765,76.4605410732259,83.10546875,83.10546875,2,2.0014099400775467,5,HTTP,DSPP-Lite,4,158.61516094207764
0.9996475746084554,0.9531597371488563,117.0483225329469,77.8525390625,77.8525390625,2,2.00105745505816,3,HTTP,DSPP-Adaptive,4,205.44843530654907
0.9963083505287252,0.10011703965407413,107.19230208393817,76.017578125,25.251953125,6,2.0024673951357066,0,HTTP,StaticSPP-Lite,4,267.76878333091736
0.9961039441618194,0.0,164.1923306460559,113.6396484375,38.052734375,6,2.0049347902714136,0,HTTP,StaticSPP-Adaptive,4,333.96070313453674
0.9962184822122407,0.06908538156398754,108.65828802918529,75.93359375,25.314453125,6,2.034543531899894,0,HTTP,StaticSPPFullSearch-Lite,4,269.87833046913147
0.9961039441618194,0.0,161.7020533271553,113.8427734375,37.9765625,6,2.0038773352132533,0,HTTP,StaticSPPFullSearch-Adaptive,4,328.8192114830017
0.9961039441618194,0.0,100.08931680489349,141.6494140625,141.6494140625,10,10,,HTTP,OB,4,305.907194852829
0.9961021820379667,-3.5226668971919684e-06,106.50611858018416,141.900390625,141.900390625,10,10,,HTTP,LB,4,1078.2398927211761
0.9997180601835781,0.9629411509729352,117.97318104562262,188.4130859375,188.4130859375,10,10,,HTTP,ARF,4,400.0083374977112
0.9998378846055573,0.9787692275345897,120.09806309828612,158.2900390625,158.2900390625,10,10,,HTTP,SRP,4,1071.7641117572784
0.9959312416849487,0.04325979519518974,87.83330062604009,48.462890625,48.462890625,2,2.0014099400775467,8,HTTP,DSPP-Lite,5,182.47249150276184
0.9996986762902293,0.9597363792582977,137.0584499776178,96.27734375,96.27734375,2,2.00105745505816,3,HTTP,DSPP-Adaptive,5,244.56612372398376
0.9961021820379667,-3.5226668971919684e-06,105.08302036328959,75.90234375,25.27734375,6,2.0024673951357066,0,HTTP,StaticSPP-Lite,5,262.2877058982849
0.9961039441618194,0.0,161.28909380109104,113.55859375,37.7734375,6,2.0049347902714136,0,HTTP,StaticSPP-Adaptive,5,328.6414887905121
0.996022886464598,-0.00015883653964943645,103.8492971673248,75.708984375,25.21484375,6,2.043355657384561,0,HTTP,StaticSPPFullSearch-Lite,5,259.08533549308777
0.9961039441618194,0.0,162.14776422029033,113.783203125,37.826171875,6,2.0038773352132533,0,HTTP,StaticSPPFullSearch-Adaptive,5,329.5164771080017
0.9961039441618194,0.0,99.37697937237967,141.591796875,141.591796875,10,10,,HTTP,OB,5,303.6021978855133
0.9961004199141141,-7.042174910061528e-06,107.24903002131595,188.220703125,188.220703125,10,10,,HTTP,LB,5,1077.4964725971222
0.999762113279894,0.9688104415643338,117.59964286022439,219.5986328125,219.5986328125,10,10,,HTTP,ARF,5,405.794757604599
0.9998555058440838,0.9811459925548565,121.59688434502947,175.546875,175.546875,10,10,,HTTP,SRP,5,1093.8246138095856
0.998688979853638,0.7974144319537649,89.0356953027049,94.146484375,94.146484375,2,2.0017624250969335,4,HTTP,DSPP-Lite,6,185.26682901382446
0.999700438417187,0.9599624852295634,138.383954193749,67.1298828125,67.1298828125,2,2.00105745505816,3,HTTP,DSPP-Adaptive,6,243.7417426109314
0.9961039441618194,0.0,105.73571641671127,75.73828125,25.318359375,6,2.0014099400775467,0,HTTP,StaticSPP-Lite,6,264.2706699371338
0.9961039441618194,0.0,162.88531280351302,102.330078125,37.984375,6,2.0049347902714136,0,HTTP,StaticSPP-Adaptive,6,332.2595999240875
0.9961039441618194,0.0,105.30129262419615,75.931640625,25.275390625,6,2.025378921395841,0,HTTP,StaticSPPFullSearch-Lite,6,261.98326086997986
0.9961039441618194,0.0,161.07820768789497,102.107421875,37.8984375,6,2.0038773352132533,0,HTTP,StaticSPPFullSearch-Adaptive,6,327.073367357254
0.9961039441618194,0.0,100.57982006293489,141.4453125,141.4453125,10,10,,HTTP,OB,6,305.024781703949
0.9961004199141141,-7.042174910061528e-06,108.004179188668,177.291015625,177.291015625,10,10,,HTTP,LB,6,1083.998811006546
0.9997339192982518,0.9650978998423853,121.51037081179432,218.5205078125,218.5205078125,10,10,,HTTP,ARF,6,424.9752013683319
0.9998625543394943,0.9821390450938421,122.85167575434771,190.4453125,190.4453125,10,10,,HTTP,SRP,6,1105.4229362010956
0.9981832503079311,0.6953120364755601,94.18443999918799,71.48046875,71.48046875,2,2.00105745505816,6,HTTP,DSPP-Lite,7,191.84821581840515
0.9997092490519757,0.9612216149517987,138.59016727961404,106.5146484375,106.5146484375,2,2.00105745505816,2,HTTP,DSPP-Adaptive,7,248.0229935646057
0.9961585700012511,0.02754910757156802,108.48026137007183,75.9765625,25.423828125,6,2.0014099400775467,0,HTTP,StaticSPP-Lite,7,268.42093801498413
0.9961039441618194,0.0,163.1788072081047,113.3623046875,37.8115234375,6,2.0049347902714136,0,HTTP,StaticSPP-Adaptive,7,332.8571000099182
0.9961233275241984,0.027238473391301175,110.09161851562276,76.04296875,25.298828125,6,2.016566795911174,0,HTTP,StaticSPPFullSearch-Lite,7,270.5248637199402
0.9961039441618194,0.0,165.91801757914575,113.6845703125,37.9443359375,6,2.0038773352132533,0,HTTP,StaticSPPFullSearch-Adaptive,7,337.4447798728943
0.9964087915883256,0.14536236354419585,101.08805598905471,141.5576171875,141.5576171875,10,10,,HTTP,OB,7,305.3622133731842
0.9961021820379667,-3.5226668971919684e-06,107.03521294646687,141.6689453125,141.6689453125,10,10,,HTTP,LB,7,1081.6138026714325
0.9997321571743991,0.9648587008474391,123.1686958234688,188.546875,188.546875,10,10,,HTTP,ARF,7,431.9473729133606
0.999762113279894,0.9688817749685786,120.76527385011511,141.20703125,141.20703125,10,10,,HTTP,SRP,7,1081.6892893314362
0.9997145354328488,0.961882233081236,89.08466537419264,60.265625,60.265625,2,2.0021149101163203,2,HTTP,DSPP-Lite,8,185.174485206604
0.999700438417187,0.9599624852295634,137.01640304421966,96.39453125,96.39453125,2,2.00105745505816,3,HTTP,DSPP-Adaptive,8,244.91915464401245
0.9961550457535459,0.029234929063964233,109.79888093195561,75.98046875,25.36328125,6,2.0024673951357066,0,HTTP,StaticSPP-Lite,8,270.5983226299286
0.9961039441618194,0.0,162.31871935119358,113.8037109375,37.9111328125,6,2.0049347902714136,0,HTTP,StaticSPP-Adaptive,8,330.6874101161957
0.9961550457535459,0.029234929063964233,106.09781625918667,76.056640625,25.314453125,6,2.021854071201974,0,HTTP,StaticSPPFullSearch-Lite,8,263.97607707977295
0.9961039441618194,0.0,161.3393918545445,113.5888671875,37.8310546875,6,2.0038773352132533,0,HTTP,StaticSPPFullSearch-Adaptive,8,328.856529712677
0.9961039441618194,0.0,101.55117528121787,141.7529296875,141.7529296875,10,10,,HTTP,OB,8,308.26228499412537
0.9961004199141141,-7.042174910061528e-06,109.18803505779942,165.138671875,165.138671875,10,10,,HTTP,LB,8,1090.7849667072296
0.9997444920413676,0.9665307929597116,119.83972884377708,188.83984375,188.83984375,10,10,,HTTP,ARF,8,422.3867211341858
0.9998731270826101,0.9834528117511162,123.82213320284258,190.419921875,190.419921875,10,10,,HTTP,SRP,8,1111.9921298027039
0.9994325961194509,0.921371414969165,91.05695745747818,71.666015625,71.666015625,2,2.0007049700387736,4,HTTP,DSPP-Lite,9,187.78389382362366
0.9996687201319481,0.9558881482062561,140.02301733659198,93.97265625,93.97265625,2,2.00105745505816,4,HTTP,DSPP-Adaptive,9,250.41071891784668
0.9961039441618194,0.0,107.03023422293991,75.90625,25.27734375,6,2.0014099400775467,0,HTTP,StaticSPP-Lite,9,265.77401638031006
0.9961039441618194,0.0,163.005592281372,113.6953125,37.89453125,6,2.0049347902714136,0,HTTP,StaticSPP-Adaptive,9,332.49083614349365
0.9961039441618194,0.0,105.51977613089137,76.005859375,25.3515625,6,2.0497003877335214,0,HTTP,StaticSPPFullSearch-Lite,9,262.60238313674927
0.9961039441618194,0.0,162.71650137759428,113.80078125,37.974609375,6,2.0038773352132533,0,HTTP,StaticSPPFullSearch-Adaptive,9,330.8670530319214
0.9961039441618194,0.0,100.35021868240877,141.5859375,141.5859375,10,10,,HTTP,OB,9,305.0987434387207
0.9961004199141141,-7.042174910061528e-06,108.8918429956165,165.1416015625,165.1416015625,10,10,,HTTP,LB,9,1077.6376032829285
0.9997444920413676,0.9665307929597116,117.62809244273184,163.4150390625,163.4150390625,10,10,,HTTP,ARF,9,403.4996757507324
0.9998008800046521,0.9741421389436691,119.60495144214589,174.626953125,174.626953125,10,10,,HTTP,SRP,9,1077.7420613765717
